Jour,Entrées,Mall ID,Année,Mois,GLA centre (hyper + galerie+ mail) GI,GLA boutiques (hors mail - GI),Nombre places de parking (Assetbook),Nombre de boutiques (hors hyper),ALIMENTATION,EQ DE LA PERSONNE,EQ DE LA MAISON,LOISIRS,RESTAURATION,SERVICES,DIVERS,jour_semaine_Monday,jour_semaine_Saturday,jour_semaine_Sunday,jour_semaine_Thursday,jour_semaine_Tuesday,jour_semaine_Wednesday
2023-01-01,292.0,53,2023,1,31740,5273,4450,36,1,5,0,7,5,11,7,0.0,0.0,1.0,0.0,0.0,0.0
2023-01-02,125327.0,53,2023,1,31740,5273,4450,36,1,5,0,7,5,11,7,1.0,0.0,0.0,0.0,0.0,0.0
2023-01-03,100432.0,53,2023,1,31740,5273,4450,36,1,5,0,7,5,11,7,0.0,0.0,0.0,0.0,1.0,0.0
2023-01-04,103620.0,53,2023,1,31740,5273,4450,36,1,5,0,7,5,11,7,0.0,0.0,0.0,0.0,0.0,1.0
2023-01-05,97203.0,53,2023,1,31740,5273,4450,36,1,5,0,7,5,11,7,0.0,0.0,0.0,1.0,0.0,0.0
2023-01-06,112954.0,53,2023,1,31740,5273,4450,36,1,5,0,7,5,11,7,0.0,0.0,0.0,0.0,0.0,0.0
2023-01-07,171103.0,53,2023,1,31740,5273,4450,36,1,5,0,7,5,11,7,0.0,1.0,0.0,0.0,0.0,0.0
2023-01-08,16695.0,53,2023,1,31740,5273,4450,36,1,5,0,7,5,11,7,0.0,0.0,1.0,0.0,0.0,0.0
2023-01-09,93121.0,53,2023,1,31740,5273,4450,36,1,5,0,7,5,11,7,1.0,0.0,0.0,0.0,0.0,0.0
2023-01-10,91500.0,53,2023,1,31740,5273,4450,36,1,5,0,7,5,11,7,0.0,0.0,0.0,0.0,1.0,0.0
2023-01-11,125238.0,53,2023,1,31740,5273,4450,36,1,5,0,7,5,11,7,0.0,0.0,0.0,0.0,0.0,1.0
2023-01-12,106244.0,53,2023,1,31740,5273,4450,36,1,5,0,7,5,11,7,0.0,0.0,0.0,1.0,0.0,0.0
2023-01-13,124186.0,53,2023,1,31740,5273,4450,36,1,5,0,7,5,11,7,0.0,0.0,0.0,0.0,0.0,0.0
2023-01-14,190925.0,53,2023,1,31740,5273,4450,36,1,5,0,7,5,11,7,0.0,1.0,0.0,0.0,0.0,0.0
2023-01-15,37312.0,53,2023,1,31740,5273,4450,36,1,5,0,7,5,11,7,0.0,0.0,1.0,0.0,0.0,0.0
2023-01-16,97972.0,53,2023,1,31740,5273,4450,36,1,5,0,7,5,11,7,1.0,0.0,0.0,0.0,0.0,0.0
2023-01-17,96776.0,53,2023,1,31740,5273,4450,36,1,5,0,7,5,11,7,0.0,0.0,0.0,0.0,1.0,0.0
2023-01-18,108257.0,53,2023,1,31740,5273,4450,36,1,5,0,7,5,11,7,0.0,0.0,0.0,0.0,0.0,1.0
2023-01-19,97456.0,53,2023,1,31740,5273,4450,36,1,5,0,7,5,11,7,0.0,0.0,0.0,1.0,0.0,0.0
2023-01-20,114143.0,53,2023,1,31740,5273,4450,36,1,5,0,7,5,11,7,0.0,0.0,0.0,0.0,0.0,0.0
2023-01-21,180560.0,53,2023,1,31740,5273,4450,36,1,5,0,7,5,11,7,0.0,1.0,0.0,0.0,0.0,0.0
2023-01-22,16565.0,53,2023,1,31740,5273,4450,36,1,5,0,7,5,11,7,0.0,0.0,1.0,0.0,0.0,0.0
2023-01-23,90006.0,53,2023,1,31740,5273,4450,36,1,5,0,7,5,11,7,1.0,0.0,0.0,0.0,0.0,0.0
2023-01-24,92333.0,53,2023,1,31740,5273,4450,36,1,5,0,7,5,11,7,0.0,0.0,0.0,0.0,1.0,0.0
2023-01-25,100796.0,53,2023,1,31740,5273,4450,36,1,5,0,7,5,11,7,0.0,0.0,0.0,0.0,0.0,1.0
2023-01-26,89297.0,53,2023,1,31740,5273,4450,36,1,5,0,7,5,11,7,0.0,0.0,0.0,1.0,0.0,0.0
2023-01-27,108925.0,53,2023,1,31740,5273,4450,36,1,5,0,7,5,11,7,0.0,0.0,0.0,0.0,0.0,0.0
2023-01-28,171306.0,53,2023,1,31740,5273,4450,36,1,5,0,7,5,11,7,0.0,1.0,0.0,0.0,0.0,0.0
2023-01-29,15632.0,53,2023,1,31740,5273,4450,36,1,5,0,7,5,11,7,0.0,0.0,1.0,0.0,0.0,0.0
2023-01-30,92950.0,53,2023,1,31740,5273,4450,36,1,5,0,7,5,11,7,1.0,0.0,0.0,0.0,0.0,0.0
2023-01-31,94211.0,53,2023,1,31740,5273,4450,36,1,5,0,7,5,11,7,0.0,0.0,0.0,0.0,1.0,0.0
2023-02-01,101346.0,53,2023,2,31740,5273,4450,36,1,5,0,7,5,11,7,0.0,0.0,0.0,0.0,0.0,1.0
2023-02-02,91619.0,53,2023,2,31740,5273,4450,36,1,5,0,7,5,11,7,0.0,0.0,0.0,1.0,0.0,0.0
2023-02-03,110012.0,53,2023,2,31740,5273,4450,36,1,5,0,7,5,11,7,0.0,0.0,0.0,0.0,0.0,0.0
2023-02-04,170672.0,53,2023,2,31740,5273,4450,36,1,5,0,7,5,11,7,0.0,1.0,0.0,0.0,0.0,0.0
2023-02-05,15987.0,53,2023,2,31740,5273,4450,36,1,5,0,7,5,11,7,0.0,0.0,1.0,0.0,0.0,0.0
2023-02-06,98429.0,53,2023,2,31740,5273,4450,36,1,5,0,7,5,11,7,1.0,0.0,0.0,0.0,0.0,0.0
2023-02-07,100388.0,53,2023,2,31740,5273,4450,36,1,5,0,7,5,11,7,0.0,0.0,0.0,0.0,1.0,0.0
2023-02-08,97472.0,53,2023,2,31740,5273,4450,36,1,5,0,7,5,11,7,0.0,0.0,0.0,0.0,0.0,1.0
2023-02-09,89119.0,53,2023,2,31740,5273,4450,36,1,5,0,7,5,11,7,0.0,0.0,0.0,1.0,0.0,0.0
2023-02-10,107241.0,53,2023,2,31740,5273,4450,36,1,5,0,7,5,11,7,0.0,0.0,0.0,0.0,0.0,0.0
2023-02-11,152877.0,53,2023,2,31740,5273,4450,36,1,5,0,7,5,11,7,0.0,1.0,0.0,0.0,0.0,0.0
2023-02-12,14650.0,53,2023,2,31740,5273,4450,36,1,5,0,7,5,11,7,0.0,0.0,1.0,0.0,0.0,0.0
2023-02-13,106781.0,53,2023,2,31740,5273,4450,36,1,5,0,7,5,11,7,1.0,0.0,0.0,0.0,0.0,0.0
2023-02-14,117490.0,53,2023,2,31740,5273,4450,36,1,5,0,7,5,11,7,0.0,0.0,0.0,0.0,1.0,0.0
2023-02-15,96129.0,53,2023,2,31740,5273,4450,36,1,5,0,7,5,11,7,0.0,0.0,0.0,0.0,0.0,1.0
2023-02-16,93918.0,53,2023,2,31740,5273,4450,36,1,5,0,7,5,11,7,0.0,0.0,0.0,1.0,0.0,0.0
2023-02-17,107284.0,53,2023,2,31740,5273,4450,36,1,5,0,7,5,11,7,0.0,0.0,0.0,0.0,0.0,0.0
2023-02-18,146822.0,53,2023,2,31740,5273,4450,36,1,5,0,7,5,11,7,0.0,1.0,0.0,0.0,0.0,0.0
2023-02-19,14720.0,53,2023,2,31740,5273,4450,36,1,5,0,7,5,11,7,0.0,0.0,1.0,0.0,0.0,0.0
2023-02-20,99692.0,53,2023,2,31740,5273,4450,36,1,5,0,7,5,11,7,1.0,0.0,0.0,0.0,0.0,0.0
2023-02-21,97189.0,53,2023,2,31740,5273,4450,36,1,5,0,7,5,11,7,0.0,0.0,0.0,0.0,1.0,0.0
2023-02-22,97869.0,53,2023,2,31740,5273,4450,36,1,5,0,7,5,11,7,0.0,0.0,0.0,0.0,0.0,1.0
2023-02-23,94422.0,53,2023,2,31740,5273,4450,36,1,5,0,7,5,11,7,0.0,0.0,0.0,1.0,0.0,0.0
2023-02-24,111868.0,53,2023,2,31740,5273,4450,36,1,5,0,7,5,11,7,0.0,0.0,0.0,0.0,0.0,0.0
2023-02-25,152112.0,53,2023,2,31740,5273,4450,36,1,5,0,7,5,11,7,0.0,1.0,0.0,0.0,0.0,0.0
2023-02-26,15223.0,53,2023,2,31740,5273,4450,36,1,5,0,7,5,11,7,0.0,0.0,1.0,0.0,0.0,0.0
2023-02-27,95010.0,53,2023,2,31740,5273,4450,36,1,5,0,7,5,11,7,1.0,0.0,0.0,0.0,0.0,0.0
2023-02-28,95335.0,53,2023,2,31740,5273,4450,36,1,5,0,7,5,11,7,0.0,0.0,0.0,0.0,1.0,0.0
2023-03-01,100232.0,53,2023,3,31740,5273,4450,36,1,5,0,7,5,11,7,0.0,0.0,0.0,0.0,0.0,1.0
2023-03-02,93083.0,53,2023,3,31740,5273,4450,36,1,5,0,7,5,11,7,0.0,0.0,0.0,1.0,0.0,0.0
2023-03-03,111483.0,53,2023,3,31740,5273,4450,36,1,5,0,7,5,11,7,0.0,0.0,0.0,0.0,0.0,0.0
2023-03-04,159394.0,53,2023,3,31740,5273,4450,36,1,5,0,7,5,11,7,0.0,1.0,0.0,0.0,0.0,0.0
2023-03-05,16821.0,53,2023,3,31740,5273,4450,36,1,5,0,7,5,11,7,0.0,0.0,1.0,0.0,0.0,0.0
2023-03-06,92886.0,53,2023,3,31740,5273,4450,36,1,5,0,7,5,11,7,1.0,0.0,0.0,0.0,0.0,0.0
2023-03-07,88417.0,53,2023,3,31740,5273,4450,36,1,5,0,7,5,11,7,0.0,0.0,0.0,0.0,1.0,0.0
2023-03-08,94865.0,53,2023,3,31740,5273,4450,36,1,5,0,7,5,11,7,0.0,0.0,0.0,0.0,0.0,1.0
2023-03-09,88346.0,53,2023,3,31740,5273,4450,36,1,5,0,7,5,11,7,0.0,0.0,0.0,1.0,0.0,0.0
2023-03-10,106017.0,53,2023,3,31740,5273,4450,36,1,5,0,7,5,11,7,0.0,0.0,0.0,0.0,0.0,0.0
2023-03-11,162176.0,53,2023,3,31740,5273,4450,36,1,5,0,7,5,11,7,0.0,1.0,0.0,0.0,0.0,0.0
2023-03-12,15957.0,53,2023,3,31740,5273,4450,36,1,5,0,7,5,11,7,0.0,0.0,1.0,0.0,0.0,0.0
2023-03-13,87410.0,53,2023,3,31740,5273,4450,36,1,5,0,7,5,11,7,1.0,0.0,0.0,0.0,0.0,0.0
2023-03-14,90219.0,53,2023,3,31740,5273,4450,36,1,5,0,7,5,11,7,0.0,0.0,0.0,0.0,1.0,0.0
2023-03-15,93897.0,53,2023,3,31740,5273,4450,36,1,5,0,7,5,11,7,0.0,0.0,0.0,0.0,0.0,1.0
2023-03-16,84233.0,53,2023,3,31740,5273,4450,36,1,5,0,7,5,11,7,0.0,0.0,0.0,1.0,0.0,0.0
2023-03-17,104996.0,53,2023,3,31740,5273,4450,36,1,5,0,7,5,11,7,0.0,0.0,0.0,0.0,0.0,0.0
2023-03-18,159932.0,53,2023,3,31740,5273,4450,36,1,5,0,7,5,11,7,0.0,1.0,0.0,0.0,0.0,0.0
2023-03-19,16978.0,53,2023,3,31740,5273,4450,36,1,5,0,7,5,11,7,0.0,0.0,1.0,0.0,0.0,0.0
2023-03-20,89148.0,53,2023,3,31740,5273,4450,36,1,5,0,7,5,11,7,1.0,0.0,0.0,0.0,0.0,0.0
2023-03-21,88885.0,53,2023,3,31740,5273,4450,36,1,5,0,7,5,11,7,0.0,0.0,0.0,0.0,1.0,0.0
2023-03-22,96747.0,53,2023,3,31740,5273,4450,36,1,5,0,7,5,11,7,0.0,0.0,0.0,0.0,0.0,1.0
2023-03-23,81093.0,53,2023,3,31740,5273,4450,36,1,5,0,7,5,11,7,0.0,0.0,0.0,1.0,0.0,0.0
2023-03-24,101996.0,53,2023,3,31740,5273,4450,36,1,5,0,7,5,11,7,0.0,0.0,0.0,0.0,0.0,0.0
2023-03-25,153432.0,53,2023,3,31740,5273,4450,36,1,5,0,7,5,11,7,0.0,1.0,0.0,0.0,0.0,0.0
2023-03-26,13494.0,53,2023,3,31740,5273,4450,36,1,5,0,7,5,11,7,0.0,0.0,1.0,0.0,0.0,0.0
2023-03-27,88391.0,53,2023,3,31740,5273,4450,36,1,5,0,7,5,11,7,1.0,0.0,0.0,0.0,0.0,0.0
2023-03-28,85873.0,53,2023,3,31740,5273,4450,36,1,5,0,7,5,11,7,0.0,0.0,0.0,0.0,1.0,0.0
2023-03-29,95458.0,53,2023,3,31740,5273,4450,36,1,5,0,7,5,11,7,0.0,0.0,0.0,0.0,0.0,1.0
2023-03-30,88469.0,53,2023,3,31740,5273,4450,36,1,5,0,7,5,11,7,0.0,0.0,0.0,1.0,0.0,0.0
2023-03-31,109704.0,53,2023,3,31740,5273,4450,36,1,5,0,7,5,11,7,0.0,0.0,0.0,0.0,0.0,0.0
2023-04-01,169366.0,53,2023,4,31740,5273,4450,36,1,5,0,7,5,11,7,0.0,1.0,0.0,0.0,0.0,0.0
2023-04-02,15230.0,53,2023,4,31740,5273,4450,36,1,5,0,7,5,11,7,0.0,0.0,1.0,0.0,0.0,0.0
2023-04-03,99823.0,53,2023,4,31740,5273,4450,36,1,5,0,7,5,11,7,1.0,0.0,0.0,0.0,0.0,0.0
2023-04-04,99659.0,53,2023,4,31740,5273,4450,36,1,5,0,7,5,11,7,0.0,0.0,0.0,0.0,1.0,0.0
2023-04-05,108118.0,53,2023,4,31740,5273,4450,36,1,5,0,7,5,11,7,0.0,0.0,0.0,0.0,0.0,1.0
2023-04-06,100502.0,53,2023,4,31740,5273,4450,36,1,5,0,7,5,11,7,0.0,0.0,0.0,1.0,0.0,0.0
2023-04-07,125014.0,53,2023,4,31740,5273,4450,36,1,5,0,7,5,11,7,0.0,0.0,0.0,0.0,0.0,0.0
2023-04-08,177297.0,53,2023,4,31740,5273,4450,36,1,5,0,7,5,11,7,0.0,1.0,0.0,0.0,0.0,0.0
2023-04-09,16998.0,53,2023,4,31740,5273,4450,36,1,5,0,7,5,11,7,0.0,0.0,1.0,0.0,0.0,0.0
2023-04-10,96154.0,53,2023,4,31740,5273,4450,36,1,5,0,7,5,11,7,1.0,0.0,0.0,0.0,0.0,0.0
2023-04-11,102696.0,53,2023,4,31740,5273,4450,36,1,5,0,7,5,11,7,0.0,0.0,0.0,0.0,1.0,0.0
2023-04-12,107138.0,53,2023,4,31740,5273,4450,36,1,5,0,7,5,11,7,0.0,0.0,0.0,0.0,0.0,1.0
2023-04-13,94893.0,53,2023,4,31740,5273,4450,36,1,5,0,7,5,11,7,0.0,0.0,0.0,1.0,0.0,0.0
2023-04-14,111730.0,53,2023,4,31740,5273,4450,36,1,5,0,7,5,11,7,0.0,0.0,0.0,0.0,0.0,0.0
2023-04-15,162725.0,53,2023,4,31740,5273,4450,36,1,5,0,7,5,11,7,0.0,1.0,0.0,0.0,0.0,0.0
2023-04-16,15284.0,53,2023,4,31740,5273,4450,36,1,5,0,7,5,11,7,0.0,0.0,1.0,0.0,0.0,0.0
2023-04-17,101837.0,53,2023,4,31740,5273,4450,36,1,5,0,7,5,11,7,1.0,0.0,0.0,0.0,0.0,0.0
2023-04-18,98990.0,53,2023,4,31740,5273,4450,36,1,5,0,7,5,11,7,0.0,0.0,0.0,0.0,1.0,0.0
2023-04-19,99738.0,53,2023,4,31740,5273,4450,36,1,5,0,7,5,11,7,0.0,0.0,0.0,0.0,0.0,1.0
2023-04-20,99192.0,53,2023,4,31740,5273,4450,36,1,5,0,7,5,11,7,0.0,0.0,0.0,1.0,0.0,0.0
2023-04-21,111232.0,53,2023,4,31740,5273,4450,36,1,5,0,7,5,11,7,0.0,0.0,0.0,0.0,0.0,0.0
2023-04-22,152086.0,53,2023,4,31740,5273,4450,36,1,5,0,7,5,11,7,0.0,1.0,0.0,0.0,0.0,0.0
2023-04-23,15276.0,53,2023,4,31740,5273,4450,36,1,5,0,7,5,11,7,0.0,0.0,1.0,0.0,0.0,0.0
2023-04-24,108050.0,53,2023,4,31740,5273,4450,36,1,5,0,7,5,11,7,1.0,0.0,0.0,0.0,0.0,0.0
2023-04-25,106288.0,53,2023,4,31740,5273,4450,36,1,5,0,7,5,11,7,0.0,0.0,0.0,0.0,1.0,0.0
2023-04-26,102379.0,53,2023,4,31740,5273,4450,36,1,5,0,7,5,11,7,0.0,0.0,0.0,0.0,0.0,1.0
2023-04-27,102857.0,53,2023,4,31740,5273,4450,36,1,5,0,7,5,11,7,0.0,0.0,0.0,1.0,0.0,0.0
2023-04-28,121043.0,53,2023,4,31740,5273,4450,36,1,5,0,7,5,11,7,0.0,0.0,0.0,0.0,0.0,0.0
2023-04-29,168509.0,53,2023,4,31740,5273,4450,36,1,5,0,7,5,11,7,0.0,1.0,0.0,0.0,0.0,0.0
2023-04-30,29760.0,53,2023,4,31740,5273,4450,36,1,5,0,7,5,11,7,0.0,0.0,1.0,0.0,0.0,0.0
2023-05-01,869.0,53,2023,5,31740,5273,4450,36,1,5,0,7,5,11,7,1.0,0.0,0.0,0.0,0.0,0.0
2023-05-02,122533.0,53,2023,5,31740,5273,4450,36,1,5,0,7,5,11,7,0.0,0.0,0.0,0.0,1.0,0.0
2023-05-03,109485.0,53,2023,5,31740,5273,4450,36,1,5,0,7,5,11,7,0.0,0.0,0.0,0.0,0.0,1.0
2023-05-04,102619.0,53,2023,5,31740,5273,4450,36,1,5,0,7,5,11,7,0.0,0.0,0.0,1.0,0.0,0.0
2023-05-05,121228.0,53,2023,5,31740,5273,4450,36,1,5,0,7,5,11,7,0.0,0.0,0.0,0.0,0.0,0.0
2023-05-06,170567.0,53,2023,5,31740,5273,4450,36,1,5,0,7,5,11,7,0.0,1.0,0.0,0.0,0.0,0.0
2023-05-07,18790.0,53,2023,5,31740,5273,4450,36,1,5,0,7,5,11,7,0.0,0.0,1.0,0.0,0.0,0.0
2023-05-08,107219.0,53,2023,5,31740,5273,4450,36,1,5,0,7,5,11,7,1.0,0.0,0.0,0.0,0.0,0.0
2023-05-09,101790.0,53,2023,5,31740,5273,4450,36,1,5,0,7,5,11,7,0.0,0.0,0.0,0.0,1.0,0.0
2023-05-10,104630.0,53,2023,5,31740,5273,4450,36,1,5,0,7,5,11,7,0.0,0.0,0.0,0.0,0.0,1.0
2023-05-11,93435.0,53,2023,5,31740,5273,4450,36,1,5,0,7,5,11,7,0.0,0.0,0.0,1.0,0.0,0.0
2023-05-12,113508.0,53,2023,5,31740,5273,4450,36,1,5,0,7,5,11,7,0.0,0.0,0.0,0.0,0.0,0.0
2023-05-13,165210.0,53,2023,5,31740,5273,4450,36,1,5,0,7,5,11,7,0.0,1.0,0.0,0.0,0.0,0.0
2023-05-14,16756.0,53,2023,5,31740,5273,4450,36,1,5,0,7,5,11,7,0.0,0.0,1.0,0.0,0.0,0.0
2023-05-15,97041.0,53,2023,5,31740,5273,4450,36,1,5,0,7,5,11,7,1.0,0.0,0.0,0.0,0.0,0.0
2023-05-16,95447.0,53,2023,5,31740,5273,4450,36,1,5,0,7,5,11,7,0.0,0.0,0.0,0.0,1.0,0.0
2023-05-17,111614.0,53,2023,5,31740,5273,4450,36,1,5,0,7,5,11,7,0.0,0.0,0.0,0.0,0.0,1.0
2023-05-18,113926.0,53,2023,5,31740,5273,4450,36,1,5,0,7,5,11,7,0.0,0.0,0.0,1.0,0.0,0.0
2023-05-19,136294.0,53,2023,5,31740,5273,4450,36,1,5,0,7,5,11,7,0.0,0.0,0.0,0.0,0.0,0.0
2023-05-20,138455.0,53,2023,5,31740,5273,4450,36,1,5,0,7,5,11,7,0.0,1.0,0.0,0.0,0.0,0.0
2023-05-21,14755.0,53,2023,5,31740,5273,4450,36,1,5,0,7,5,11,7,0.0,0.0,1.0,0.0,0.0,0.0
2023-05-22,94821.0,53,2023,5,31740,5273,4450,36,1,5,0,7,5,11,7,1.0,0.0,0.0,0.0,0.0,0.0
2023-05-23,93714.0,53,2023,5,31740,5273,4450,36,1,5,0,7,5,11,7,0.0,0.0,0.0,0.0,1.0,0.0
2023-05-24,101752.0,53,2023,5,31740,5273,4450,36,1,5,0,7,5,11,7,0.0,0.0,0.0,0.0,0.0,1.0
2023-05-25,93913.0,53,2023,5,31740,5273,4450,36,1,5,0,7,5,11,7,0.0,0.0,0.0,1.0,0.0,0.0
2023-05-26,111336.0,53,2023,5,31740,5273,4450,36,1,5,0,7,5,11,7,0.0,0.0,0.0,0.0,0.0,0.0
2023-05-27,157716.0,53,2023,5,31740,5273,4450,36,1,5,0,7,5,11,7,0.0,1.0,0.0,0.0,0.0,0.0
2023-05-28,19898.0,53,2023,5,31740,5273,4450,36,1,5,0,7,5,11,7,0.0,0.0,1.0,0.0,0.0,0.0
2023-05-29,114220.0,53,2023,5,31740,5273,4450,36,1,5,0,7,5,11,7,1.0,0.0,0.0,0.0,0.0,0.0
2023-05-30,103734.0,53,2023,5,31740,5273,4450,36,1,5,0,7,5,11,7,0.0,0.0,0.0,0.0,1.0,0.0
2023-05-31,112870.0,53,2023,5,31740,5273,4450,36,1,5,0,7,5,11,7,0.0,0.0,0.0,0.0,0.0,1.0
2023-06-01,104077.0,53,2023,6,31740,5273,4450,36,1,5,0,7,5,11,7,0.0,0.0,0.0,1.0,0.0,0.0
2023-06-02,124260.0,53,2023,6,31740,5273,4450,36,1,5,0,7,5,11,7,0.0,0.0,0.0,0.0,0.0,0.0
2023-06-03,186761.0,53,2023,6,31740,5273,4450,36,1,5,0,7,5,11,7,0.0,1.0,0.0,0.0,0.0,0.0
2023-06-04,21581.0,53,2023,6,31740,5273,4450,36,1,5,0,7,5,11,7,0.0,0.0,1.0,0.0,0.0,0.0
2023-06-05,105808.0,53,2023,6,31740,5273,4450,36,1,5,0,7,5,11,7,1.0,0.0,0.0,0.0,0.0,0.0
2023-06-06,105026.0,53,2023,6,31740,5273,4450,36,1,5,0,7,5,11,7,0.0,0.0,0.0,0.0,1.0,0.0
2023-06-07,112601.0,53,2023,6,31740,5273,4450,36,1,5,0,7,5,11,7,0.0,0.0,0.0,0.0,0.0,1.0
2023-06-08,101588.0,53,2023,6,31740,5273,4450,36,1,5,0,7,5,11,7,0.0,0.0,0.0,1.0,0.0,0.0
2023-06-09,119051.0,53,2023,6,31740,5273,4450,36,1,5,0,7,5,11,7,0.0,0.0,0.0,0.0,0.0,0.0
2023-06-10,171243.0,53,2023,6,31740,5273,4450,36,1,5,0,7,5,11,7,0.0,1.0,0.0,0.0,0.0,0.0
2023-06-11,20244.0,53,2023,6,31740,5273,4450,36,1,5,0,7,5,11,7,0.0,0.0,1.0,0.0,0.0,0.0
2023-06-12,106400.0,53,2023,6,31740,5273,4450,36,1,5,0,7,5,11,7,1.0,0.0,0.0,0.0,0.0,0.0
2023-06-13,105046.0,53,2023,6,31740,5273,4450,36,1,5,0,7,5,11,7,0.0,0.0,0.0,0.0,1.0,0.0
2023-06-14,116300.0,53,2023,6,31740,5273,4450,36,1,5,0,7,5,11,7,0.0,0.0,0.0,0.0,0.0,1.0
2023-06-15,102191.0,53,2023,6,31740,5273,4450,36,1,5,0,7,5,11,7,0.0,0.0,0.0,1.0,0.0,0.0
2023-06-16,120288.0,53,2023,6,31740,5273,4450,36,1,5,0,7,5,11,7,0.0,0.0,0.0,0.0,0.0,0.0
2023-06-17,170446.0,53,2023,6,31740,5273,4450,36,1,5,0,7,5,11,7,0.0,1.0,0.0,0.0,0.0,0.0
2023-06-18,20636.0,53,2023,6,31740,5273,4450,36,1,5,0,7,5,11,7,0.0,0.0,1.0,0.0,0.0,0.0
2023-06-19,103720.0,53,2023,6,31740,5273,4450,36,1,5,0,7,5,11,7,1.0,0.0,0.0,0.0,0.0,0.0
2023-06-20,102803.0,53,2023,6,31740,5273,4450,36,1,5,0,7,5,11,7,0.0,0.0,0.0,0.0,1.0,0.0
2023-06-21,108158.0,53,2023,6,31740,5273,4450,36,1,5,0,7,5,11,7,0.0,0.0,0.0,0.0,0.0,1.0
2023-06-22,98138.0,53,2023,6,31740,5273,4450,36,1,5,0,7,5,11,7,0.0,0.0,0.0,1.0,0.0,0.0
2023-06-23,115514.0,53,2023,6,31740,5273,4450,36,1,5,0,7,5,11,7,0.0,0.0,0.0,0.0,0.0,0.0
2023-06-24,153515.0,53,2023,6,31740,5273,4450,36,1,5,0,7,5,11,7,0.0,1.0,0.0,0.0,0.0,0.0
2023-06-25,20160.0,53,2023,6,31740,5273,4450,36,1,5,0,7,5,11,7,0.0,0.0,1.0,0.0,0.0,0.0
2023-06-26,109601.0,53,2023,6,31740,5273,4450,36,1,5,0,7,5,11,7,1.0,0.0,0.0,0.0,0.0,0.0
2023-06-27,104307.0,53,2023,6,31740,5273,4450,36,1,5,0,7,5,11,7,0.0,0.0,0.0,0.0,1.0,0.0
2023-06-28,136647.0,53,2023,6,31740,5273,4450,36,1,5,0,7,5,11,7,0.0,0.0,0.0,0.0,0.0,1.0
2023-06-29,124203.0,53,2023,6,31740,5273,4450,36,1,5,0,7,5,11,7,0.0,0.0,0.0,1.0,0.0,0.0
2023-06-30,131846.0,53,2023,6,31740,5273,4450,36,1,5,0,7,5,11,7,0.0,0.0,0.0,0.0,0.0,0.0
2023-07-01,190330.0,53,2023,7,31740,5273,4450,36,1,5,0,7,5,11,7,0.0,1.0,0.0,0.0,0.0,0.0
2023-07-02,34307.0,53,2023,7,31740,5273,4450,36,1,5,0,7,5,11,7,0.0,0.0,1.0,0.0,0.0,0.0
2023-07-03,121254.0,53,2023,7,31740,5273,4450,36,1,5,0,7,5,11,7,1.0,0.0,0.0,0.0,0.0,0.0
2023-07-04,124848.0,53,2023,7,31740,5273,4450,36,1,5,0,7,5,11,7,0.0,0.0,0.0,0.0,1.0,0.0
2023-07-05,138562.0,53,2023,7,31740,5273,4450,36,1,5,0,7,5,11,7,0.0,0.0,0.0,0.0,0.0,1.0
2023-07-06,123889.0,53,2023,7,31740,5273,4450,36,1,5,0,7,5,11,7,0.0,0.0,0.0,1.0,0.0,0.0
2023-07-07,132370.0,53,2023,7,31740,5273,4450,36,1,5,0,7,5,11,7,0.0,0.0,0.0,0.0,0.0,0.0
2023-07-08,181418.0,53,2023,7,31740,5273,4450,36,1,5,0,7,5,11,7,0.0,1.0,0.0,0.0,0.0,0.0
2023-07-09,23582.0,53,2023,7,31740,5273,4450,36,1,5,0,7,5,11,7,0.0,0.0,1.0,0.0,0.0,0.0
2023-07-10,132739.0,53,2023,7,31740,5273,4450,36,1,5,0,7,5,11,7,1.0,0.0,0.0,0.0,0.0,0.0
2023-07-11,127331.0,53,2023,7,31740,5273,4450,36,1,5,0,7,5,11,7,0.0,0.0,0.0,0.0,1.0,0.0
2023-07-12,129279.0,53,2023,7,31740,5273,4450,36,1,5,0,7,5,11,7,0.0,0.0,0.0,0.0,0.0,1.0
2023-07-13,130090.0,53,2023,7,31740,5273,4450,36,1,5,0,7,5,11,7,0.0,0.0,0.0,1.0,0.0,0.0
2023-07-14,113007.0,53,2023,7,31740,5273,4450,36,1,5,0,7,5,11,7,0.0,0.0,0.0,0.0,0.0,0.0
2023-07-15,173393.0,53,2023,7,31740,5273,4450,36,1,5,0,7,5,11,7,0.0,1.0,0.0,0.0,0.0,0.0
2023-07-16,20152.0,53,2023,7,31740,5273,4450,36,1,5,0,7,5,11,7,0.0,0.0,1.0,0.0,0.0,0.0
2023-07-17,130897.0,53,2023,7,31740,5273,4450,36,1,5,0,7,5,11,7,1.0,0.0,0.0,0.0,0.0,0.0
2023-07-18,119939.0,53,2023,7,31740,5273,4450,36,1,5,0,7,5,11,7,0.0,0.0,0.0,0.0,1.0,0.0
2023-07-19,119907.0,53,2023,7,31740,5273,4450,36,1,5,0,7,5,11,7,0.0,0.0,0.0,0.0,0.0,1.0
2023-07-20,114158.0,53,2023,7,31740,5273,4450,36,1,5,0,7,5,11,7,0.0,0.0,0.0,1.0,0.0,0.0
2023-07-21,127486.0,53,2023,7,31740,5273,4450,36,1,5,0,7,5,11,7,0.0,0.0,0.0,0.0,0.0,0.0
2023-07-22,158311.0,53,2023,7,31740,5273,4450,36,1,5,0,7,5,11,7,0.0,1.0,0.0,0.0,0.0,0.0
2023-07-23,29110.0,53,2023,7,31740,5273,4450,36,1,5,0,7,5,11,7,0.0,0.0,1.0,0.0,0.0,0.0
2023-07-24,136991.0,53,2023,7,31740,5273,4450,36,1,5,0,7,5,11,7,1.0,0.0,0.0,0.0,0.0,0.0
2023-07-25,131622.0,53,2023,7,31740,5273,4450,36,1,5,0,7,5,11,7,0.0,0.0,0.0,0.0,1.0,0.0
2023-07-26,115406.0,53,2023,7,31740,5273,4450,36,1,5,0,7,5,11,7,0.0,0.0,0.0,0.0,0.0,1.0
2023-07-27,111530.0,53,2023,7,31740,5273,4450,36,1,5,0,7,5,11,7,0.0,0.0,0.0,1.0,0.0,0.0
2023-07-28,125948.0,53,2023,7,31740,5273,4450,36,1,5,0,7,5,11,7,0.0,0.0,0.0,0.0,0.0,0.0
2023-07-29,157836.0,53,2023,7,31740,5273,4450,36,1,5,0,7,5,11,7,0.0,1.0,0.0,0.0,0.0,0.0
2023-07-30,30766.0,53,2023,7,31740,5273,4450,36,1,5,0,7,5,11,7,0.0,0.0,1.0,0.0,0.0,0.0
2023-07-31,134738.0,53,2023,7,31740,5273,4450,36,1,5,0,7,5,11,7,1.0,0.0,0.0,0.0,0.0,0.0
2023-08-01,138098.0,53,2023,8,31740,5273,4450,36,1,5,0,7,5,11,7,0.0,0.0,0.0,0.0,1.0,0.0
2023-08-02,120338.0,53,2023,8,31740,5273,4450,36,1,5,0,7,5,11,7,0.0,0.0,0.0,0.0,0.0,1.0
2023-08-03,129013.0,53,2023,8,31740,5273,4450,36,1,5,0,7,5,11,7,0.0,0.0,0.0,1.0,0.0,0.0
2023-08-04,132214.0,53,2023,8,31740,5273,4450,36,1,5,0,7,5,11,7,0.0,0.0,0.0,0.0,0.0,0.0
2023-08-05,159010.0,53,2023,8,31740,5273,4450,36,1,5,0,7,5,11,7,0.0,1.0,0.0,0.0,0.0,0.0
2023-08-06,30560.0,53,2023,8,31740,5273,4450,36,1,5,0,7,5,11,7,0.0,0.0,1.0,0.0,0.0,0.0
2023-08-07,128787.0,53,2023,8,31740,5273,4450,36,1,5,0,7,5,11,7,1.0,0.0,0.0,0.0,0.0,0.0
2023-08-08,116812.0,53,2023,8,31740,5273,4450,36,1,5,0,7,5,11,7,0.0,0.0,0.0,0.0,1.0,0.0
2023-08-09,112162.0,53,2023,8,31740,5273,4450,36,1,5,0,7,5,11,7,0.0,0.0,0.0,0.0,0.0,1.0
2023-08-10,112971.0,53,2023,8,31740,5273,4450,36,1,5,0,7,5,11,7,0.0,0.0,0.0,1.0,0.0,0.0
2023-08-11,123446.0,53,2023,8,31740,5273,4450,36,1,5,0,7,5,11,7,0.0,0.0,0.0,0.0,0.0,0.0
2023-08-12,141733.0,53,2023,8,31740,5273,4450,36,1,5,0,7,5,11,7,0.0,1.0,0.0,0.0,0.0,0.0
2023-08-13,29056.0,53,2023,8,31740,5273,4450,36,1,5,0,7,5,11,7,0.0,0.0,1.0,0.0,0.0,0.0
2023-08-14,150917.0,53,2023,8,31740,5273,4450,36,1,5,0,7,5,11,7,1.0,0.0,0.0,0.0,0.0,0.0
2023-08-15,101335.0,53,2023,8,31740,5273,4450,36,1,5,0,7,5,11,7,0.0,0.0,0.0,0.0,1.0,0.0
2023-08-16,128121.0,53,2023,8,31740,5273,4450,36,1,5,0,7,5,11,7,0.0,0.0,0.0,0.0,0.0,1.0
2023-08-17,118723.0,53,2023,8,31740,5273,4450,36,1,5,0,7,5,11,7,0.0,0.0,0.0,1.0,0.0,0.0
2023-08-18,124129.0,53,2023,8,31740,5273,4450,36,1,5,0,7,5,11,7,0.0,0.0,0.0,0.0,0.0,0.0
2023-08-19,143004.0,53,2023,8,31740,5273,4450,36,1,5,0,7,5,11,7,0.0,1.0,0.0,0.0,0.0,0.0
2023-08-20,19814.0,53,2023,8,31740,5273,4450,36,1,5,0,7,5,11,7,0.0,0.0,1.0,0.0,0.0,0.0
2023-08-21,132355.0,53,2023,8,31740,5273,4450,36,1,5,0,7,5,11,7,1.0,0.0,0.0,0.0,0.0,0.0
2023-08-22,121642.0,53,2023,8,31740,5273,4450,36,1,5,0,7,5,11,7,0.0,0.0,0.0,0.0,1.0,0.0
2023-08-23,116464.0,53,2023,8,31740,5273,4450,36,1,5,0,7,5,11,7,0.0,0.0,0.0,0.0,0.0,1.0
2023-08-24,115563.0,53,2023,8,31740,5273,4450,36,1,5,0,7,5,11,7,0.0,0.0,0.0,1.0,0.0,0.0
2023-08-25,128079.0,53,2023,8,31740,5273,4450,36,1,5,0,7,5,11,7,0.0,0.0,0.0,0.0,0.0,0.0
2023-08-26,156987.0,53,2023,8,31740,5273,4450,36,1,5,0,7,5,11,7,0.0,1.0,0.0,0.0,0.0,0.0
2023-08-27,22391.0,53,2023,8,31740,5273,4450,36,1,5,0,7,5,11,7,0.0,0.0,1.0,0.0,0.0,0.0
2023-08-28,142258.0,53,2023,8,31740,5273,4450,36,1,5,0,7,5,11,7,1.0,0.0,0.0,0.0,0.0,0.0
2023-08-29,130836.0,53,2023,8,31740,5273,4450,36,1,5,0,7,5,11,7,0.0,0.0,0.0,0.0,1.0,0.0
2023-08-30,133042.0,53,2023,8,31740,5273,4450,36,1,5,0,7,5,11,7,0.0,0.0,0.0,0.0,0.0,1.0
2023-08-31,124855.0,53,2023,8,31740,5273,4450,36,1,5,0,7,5,11,7,0.0,0.0,0.0,1.0,0.0,0.0
2023-09-01,142324.0,53,2023,9,31740,5273,4450,36,1,5,0,7,5,11,7,0.0,0.0,0.0,0.0,0.0,0.0
2023-09-02,198453.0,53,2023,9,31740,5273,4450,36,1,5,0,7,5,11,7,0.0,1.0,0.0,0.0,0.0,0.0
2023-09-03,37394.0,53,2023,9,31740,5273,4450,36,1,5,0,7,5,11,7,0.0,0.0,1.0,0.0,0.0,0.0
2023-09-04,125282.0,53,2023,9,31740,5273,4450,36,1,5,0,7,5,11,7,1.0,0.0,0.0,0.0,0.0,0.0
2023-09-05,109599.0,53,2023,9,31740,5273,4450,36,1,5,0,7,5,11,7,0.0,0.0,0.0,0.0,1.0,0.0
2023-09-06,116935.0,53,2023,9,31740,5273,4450,36,1,5,0,7,5,11,7,0.0,0.0,0.0,0.0,0.0,1.0
2023-09-07,96322.0,53,2023,9,31740,5273,4450,36,1,5,0,7,5,11,7,0.0,0.0,0.0,1.0,0.0,0.0
2023-09-08,114320.0,53,2023,9,31740,5273,4450,36,1,5,0,7,5,11,7,0.0,0.0,0.0,0.0,0.0,0.0
2023-09-09,170639.0,53,2023,9,31740,5273,4450,36,1,5,0,7,5,11,7,0.0,1.0,0.0,0.0,0.0,0.0
2023-09-10,21580.0,53,2023,9,31740,5273,4450,36,1,5,0,7,5,11,7,0.0,0.0,1.0,0.0,0.0,0.0
2023-09-11,102210.0,53,2023,9,31740,5273,4450,36,1,5,0,7,5,11,7,1.0,0.0,0.0,0.0,0.0,0.0
2023-09-12,102285.0,53,2023,9,31740,5273,4450,36,1,5,0,7,5,11,7,0.0,0.0,0.0,0.0,1.0,0.0
2023-09-13,109712.0,53,2023,9,31740,5273,4450,36,1,5,0,7,5,11,7,0.0,0.0,0.0,0.0,0.0,1.0
2023-09-14,94051.0,53,2023,9,31740,5273,4450,36,1,5,0,7,5,11,7,0.0,0.0,0.0,1.0,0.0,0.0
2023-09-15,110347.0,53,2023,9,31740,5273,4450,36,1,5,0,7,5,11,7,0.0,0.0,0.0,0.0,0.0,0.0
2023-09-16,167080.0,53,2023,9,31740,5273,4450,36,1,5,0,7,5,11,7,0.0,1.0,0.0,0.0,0.0,0.0
2023-09-17,20408.0,53,2023,9,31740,5273,4450,36,1,5,0,7,5,11,7,0.0,0.0,1.0,0.0,0.0,0.0
2023-09-18,97560.0,53,2023,9,31740,5273,4450,36,1,5,0,7,5,11,7,1.0,0.0,0.0,0.0,0.0,0.0
2023-09-19,96005.0,53,2023,9,31740,5273,4450,36,1,5,0,7,5,11,7,0.0,0.0,0.0,0.0,1.0,0.0
2023-09-20,102311.0,53,2023,9,31740,5273,4450,36,1,5,0,7,5,11,7,0.0,0.0,0.0,0.0,0.0,1.0
2023-09-21,93219.0,53,2023,9,31740,5273,4450,36,1,5,0,7,5,11,7,0.0,0.0,0.0,1.0,0.0,0.0
2023-09-22,113302.0,53,2023,9,31740,5273,4450,36,1,5,0,7,5,11,7,0.0,0.0,0.0,0.0,0.0,0.0
2023-09-23,166127.0,53,2023,9,31740,5273,4450,36,1,5,0,7,5,11,7,0.0,1.0,0.0,0.0,0.0,0.0
2023-09-24,18466.0,53,2023,9,31740,5273,4450,36,1,5,0,7,5,11,7,0.0,0.0,1.0,0.0,0.0,0.0
2023-09-25,93017.0,53,2023,9,31740,5273,4450,36,1,5,0,7,5,11,7,1.0,0.0,0.0,0.0,0.0,0.0
2023-09-26,95273.0,53,2023,9,31740,5273,4450,36,1,5,0,7,5,11,7,0.0,0.0,0.0,0.0,1.0,0.0
2023-09-27,102492.0,53,2023,9,31740,5273,4450,36,1,5,0,7,5,11,7,0.0,0.0,0.0,0.0,0.0,1.0
2023-09-28,94071.0,53,2023,9,31740,5273,4450,36,1,5,0,7,5,11,7,0.0,0.0,0.0,1.0,0.0,0.0
2023-09-29,113940.0,53,2023,9,31740,5273,4450,36,1,5,0,7,5,11,7,0.0,0.0,0.0,0.0,0.0,0.0
2023-09-30,166818.0,53,2023,9,31740,5273,4450,36,1,5,0,7,5,11,7,0.0,1.0,0.0,0.0,0.0,0.0
2023-10-01,17426.0,53,2023,10,31740,5273,4450,36,1,5,0,7,5,11,7,0.0,0.0,1.0,0.0,0.0,0.0
2023-10-02,96772.0,53,2023,10,31740,5273,4450,36,1,5,0,7,5,11,7,1.0,0.0,0.0,0.0,0.0,0.0
2023-10-03,99037.0,53,2023,10,31740,5273,4450,36,1,5,0,7,5,11,7,0.0,0.0,0.0,0.0,1.0,0.0
2023-10-04,103609.0,53,2023,10,31740,5273,4450,36,1,5,0,7,5,11,7,0.0,0.0,0.0,0.0,0.0,1.0
2023-10-05,93326.0,53,2023,10,31740,5273,4450,36,1,5,0,7,5,11,7,0.0,0.0,0.0,1.0,0.0,0.0
2023-10-06,112629.0,53,2023,10,31740,5273,4450,36,1,5,0,7,5,11,7,0.0,0.0,0.0,0.0,0.0,0.0
2023-10-07,168118.0,53,2023,10,31740,5273,4450,36,1,5,0,7,5,11,7,0.0,1.0,0.0,0.0,0.0,0.0
2023-10-08,17219.0,53,2023,10,31740,5273,4450,36,1,5,0,7,5,11,7,0.0,0.0,1.0,0.0,0.0,0.0
2023-10-09,94235.0,53,2023,10,31740,5273,4450,36,1,5,0,7,5,11,7,1.0,0.0,0.0,0.0,0.0,0.0
2023-10-10,94655.0,53,2023,10,31740,5273,4450,36,1,5,0,7,5,11,7,0.0,0.0,0.0,0.0,1.0,0.0
2023-10-11,100816.0,53,2023,10,31740,5273,4450,36,1,5,0,7,5,11,7,0.0,0.0,0.0,0.0,0.0,1.0
2023-10-12,91771.0,53,2023,10,31740,5273,4450,36,1,5,0,7,5,11,7,0.0,0.0,0.0,1.0,0.0,0.0
2023-10-13,109690.0,53,2023,10,31740,5273,4450,36,1,5,0,7,5,11,7,0.0,0.0,0.0,0.0,0.0,0.0
2023-10-14,169275.0,53,2023,10,31740,5273,4450,36,1,5,0,7,5,11,7,0.0,1.0,0.0,0.0,0.0,0.0
2023-10-15,17518.0,53,2023,10,31740,5273,4450,36,1,5,0,7,5,11,7,0.0,0.0,1.0,0.0,0.0,0.0
2023-10-16,94203.0,53,2023,10,31740,5273,4450,36,1,5,0,7,5,11,7,1.0,0.0,0.0,0.0,0.0,0.0
2023-10-17,91414.0,53,2023,10,31740,5273,4450,36,1,5,0,7,5,11,7,0.0,0.0,0.0,0.0,1.0,0.0
2023-10-18,98640.0,53,2023,10,31740,5273,4450,36,1,5,0,7,5,11,7,0.0,0.0,0.0,0.0,0.0,1.0
2023-10-19,89909.0,53,2023,10,31740,5273,4450,36,1,5,0,7,5,11,7,0.0,0.0,0.0,1.0,0.0,0.0
2023-10-20,104266.0,53,2023,10,31740,5273,4450,36,1,5,0,7,5,11,7,0.0,0.0,0.0,0.0,0.0,0.0
2023-10-21,168041.0,53,2023,10,31740,5273,4450,36,1,5,0,7,5,11,7,0.0,1.0,0.0,0.0,0.0,0.0
2023-10-22,17965.0,53,2023,10,31740,5273,4450,36,1,5,0,7,5,11,7,0.0,0.0,1.0,0.0,0.0,0.0
2023-10-23,107402.0,53,2023,10,31740,5273,4450,36,1,5,0,7,5,11,7,1.0,0.0,0.0,0.0,0.0,0.0
2023-10-24,104103.0,53,2023,10,31740,5273,4450,36,1,5,0,7,5,11,7,0.0,0.0,0.0,0.0,1.0,0.0
2023-10-25,106173.0,53,2023,10,31740,5273,4450,36,1,5,0,7,5,11,7,0.0,0.0,0.0,0.0,0.0,1.0
2023-10-26,105228.0,53,2023,10,31740,5273,4450,36,1,5,0,7,5,11,7,0.0,0.0,0.0,1.0,0.0,0.0
2023-10-27,118628.0,53,2023,10,31740,5273,4450,36,1,5,0,7,5,11,7,0.0,0.0,0.0,0.0,0.0,0.0
2023-10-28,162012.0,53,2023,10,31740,5273,4450,36,1,5,0,7,5,11,7,0.0,1.0,0.0,0.0,0.0,0.0
2023-10-29,19434.0,53,2023,10,31740,5273,4450,36,1,5,0,7,5,11,7,0.0,0.0,1.0,0.0,0.0,0.0
2023-10-30,125465.0,53,2023,10,31740,5273,4450,36,1,5,0,7,5,11,7,1.0,0.0,0.0,0.0,0.0,0.0
2023-10-31,122306.0,53,2023,10,31740,5273,4450,36,1,5,0,7,5,11,7,0.0,0.0,0.0,0.0,1.0,0.0
2023-11-01,110950.0,53,2023,11,31740,5273,4450,36,1,5,0,7,5,11,7,0.0,0.0,0.0,0.0,0.0,1.0
2023-11-02,110238.0,53,2023,11,31740,5273,4450,36,1,5,0,7,5,11,7,0.0,0.0,0.0,1.0,0.0,0.0
2023-11-03,128107.0,53,2023,11,31740,5273,4450,36,1,5,0,7,5,11,7,0.0,0.0,0.0,0.0,0.0,0.0
2023-11-04,168222.0,53,2023,11,31740,5273,4450,36,1,5,0,7,5,11,7,0.0,1.0,0.0,0.0,0.0,0.0
2023-11-05,16843.0,53,2023,11,31740,5273,4450,36,1,5,0,7,5,11,7,0.0,0.0,1.0,0.0,0.0,0.0
2023-11-06,98599.0,53,2023,11,31740,5273,4450,36,1,5,0,7,5,11,7,1.0,0.0,0.0,0.0,0.0,0.0
2023-11-07,96631.0,53,2023,11,31740,5273,4450,36,1,5,0,7,5,11,7,0.0,0.0,0.0,0.0,1.0,0.0
2023-11-08,101557.0,53,2023,11,31740,5273,4450,36,1,5,0,7,5,11,7,0.0,0.0,0.0,0.0,0.0,1.0
2023-11-09,94086.0,53,2023,11,31740,5273,4450,36,1,5,0,7,5,11,7,0.0,0.0,0.0,1.0,0.0,0.0
2023-11-10,117618.0,53,2023,11,31740,5273,4450,36,1,5,0,7,5,11,7,0.0,0.0,0.0,0.0,0.0,0.0
2023-11-11,169822.0,53,2023,11,31740,5273,4450,36,1,5,0,7,5,11,7,0.0,1.0,0.0,0.0,0.0,0.0
2023-11-12,18153.0,53,2023,11,31740,5273,4450,36,1,5,0,7,5,11,7,0.0,0.0,1.0,0.0,0.0,0.0
2023-11-13,93566.0,53,2023,11,31740,5273,4450,36,1,5,0,7,5,11,7,1.0,0.0,0.0,0.0,0.0,0.0
2023-11-14,94371.0,53,2023,11,31740,5273,4450,36,1,5,0,7,5,11,7,0.0,0.0,0.0,0.0,1.0,0.0
2023-11-15,101896.0,53,2023,11,31740,5273,4450,36,1,5,0,7,5,11,7,0.0,0.0,0.0,0.0,0.0,1.0
2023-11-16,91869.0,53,2023,11,31740,5273,4450,36,1,5,0,7,5,11,7,0.0,0.0,0.0,1.0,0.0,0.0
2023-11-17,117506.0,53,2023,11,31740,5273,4450,36,1,5,0,7,5,11,7,0.0,0.0,0.0,0.0,0.0,0.0
2023-11-18,172232.0,53,2023,11,31740,5273,4450,36,1,5,0,7,5,11,7,0.0,1.0,0.0,0.0,0.0,0.0
2023-11-19,18334.0,53,2023,11,31740,5273,4450,36,1,5,0,7,5,11,7,0.0,0.0,1.0,0.0,0.0,0.0
2023-11-20,98491.0,53,2023,11,31740,5273,4450,36,1,5,0,7,5,11,7,1.0,0.0,0.0,0.0,0.0,0.0
2023-11-21,97484.0,53,2023,11,31740,5273,4450,36,1,5,0,7,5,11,7,0.0,0.0,0.0,0.0,1.0,0.0
2023-11-22,106553.0,53,2023,11,31740,5273,4450,36,1,5,0,7,5,11,7,0.0,0.0,0.0,0.0,0.0,1.0
2023-11-23,98607.0,53,2023,11,31740,5273,4450,36,1,5,0,7,5,11,7,0.0,0.0,0.0,1.0,0.0,0.0
2023-11-24,134868.0,53,2023,11,31740,5273,4450,36,1,5,0,7,5,11,7,0.0,0.0,0.0,0.0,0.0,0.0
2023-11-25,192062.0,53,2023,11,31740,5273,4450,36,1,5,0,7,5,11,7,0.0,1.0,0.0,0.0,0.0,0.0
2023-11-26,49865.0,53,2023,11,31740,5273,4450,36,1,5,0,7,5,11,7,0.0,0.0,1.0,0.0,0.0,0.0
2023-11-27,99497.0,53,2023,11,31740,5273,4450,36,1,5,0,7,5,11,7,1.0,0.0,0.0,0.0,0.0,0.0
2023-11-28,101174.0,53,2023,11,31740,5273,4450,36,1,5,0,7,5,11,7,0.0,0.0,0.0,0.0,1.0,0.0
2023-11-29,111111.0,53,2023,11,31740,5273,4450,36,1,5,0,7,5,11,7,0.0,0.0,0.0,0.0,0.0,1.0
2023-11-30,101997.0,53,2023,11,31740,5273,4450,36,1,5,0,7,5,11,7,0.0,0.0,0.0,1.0,0.0,0.0
2023-12-01,128458.0,53,2023,12,31740,5273,4450,36,1,5,0,7,5,11,7,0.0,0.0,0.0,0.0,0.0,0.0
2023-12-02,189996.0,53,2023,12,31740,5273,4450,36,1,5,0,7,5,11,7,0.0,1.0,0.0,0.0,0.0,0.0
2023-12-03,60309.0,53,2023,12,31740,5273,4450,36,1,5,0,7,5,11,7,0.0,0.0,1.0,0.0,0.0,0.0
2023-12-04,103365.0,53,2023,12,31740,5273,4450,36,1,5,0,7,5,11,7,1.0,0.0,0.0,0.0,0.0,0.0
2023-12-05,112561.0,53,2023,12,31740,5273,4450,36,1,5,0,7,5,11,7,0.0,0.0,0.0,0.0,1.0,0.0
2023-12-06,123229.0,53,2023,12,31740,5273,4450,36,1,5,0,7,5,11,7,0.0,0.0,0.0,0.0,0.0,1.0
2023-12-07,110829.0,53,2023,12,31740,5273,4450,36,1,5,0,7,5,11,7,0.0,0.0,0.0,1.0,0.0,0.0
2023-12-08,134916.0,53,2023,12,31740,5273,4450,36,1,5,0,7,5,11,7,0.0,0.0,0.0,0.0,0.0,0.0
2023-12-09,195549.0,53,2023,12,31740,5273,4450,36,1,5,0,7,5,11,7,0.0,1.0,0.0,0.0,0.0,0.0
2023-12-10,86544.0,53,2023,12,31740,5273,4450,36,1,5,0,7,5,11,7,0.0,0.0,1.0,0.0,0.0,0.0
2023-12-11,115413.0,53,2023,12,31740,5273,4450,36,1,5,0,7,5,11,7,1.0,0.0,0.0,0.0,0.0,0.0
2023-12-12,117980.0,53,2023,12,31740,5273,4450,36,1,5,0,7,5,11,7,0.0,0.0,0.0,0.0,1.0,0.0
2023-12-13,127293.0,53,2023,12,31740,5273,4450,36,1,5,0,7,5,11,7,0.0,0.0,0.0,0.0,0.0,1.0
2023-12-14,116323.0,53,2023,12,31740,5273,4450,36,1,5,0,7,5,11,7,0.0,0.0,0.0,1.0,0.0,0.0
2023-12-15,137955.0,53,2023,12,31740,5273,4450,36,1,5,0,7,5,11,7,0.0,0.0,0.0,0.0,0.0,0.0
2023-12-16,202605.0,53,2023,12,31740,5273,4450,36,1,5,0,7,5,11,7,0.0,1.0,0.0,0.0,0.0,0.0
2023-12-17,109577.0,53,2023,12,31740,5273,4450,36,1,5,0,7,5,11,7,0.0,0.0,1.0,0.0,0.0,0.0
2023-12-18,132419.0,53,2023,12,31740,5273,4450,36,1,5,0,7,5,11,7,1.0,0.0,0.0,0.0,0.0,0.0
2023-12-19,136525.0,53,2023,12,31740,5273,4450,36,1,5,0,7,5,11,7,0.0,0.0,0.0,0.0,1.0,0.0
2023-12-20,156244.0,53,2023,12,31740,5273,4450,36,1,5,0,7,5,11,7,0.0,0.0,0.0,0.0,0.0,1.0
2023-12-21,154176.0,53,2023,12,31740,5273,4450,36,1,5,0,7,5,11,7,0.0,0.0,0.0,1.0,0.0,0.0
2023-12-22,194155.0,53,2023,12,31740,5273,4450,36,1,5,0,7,5,11,7,0.0,0.0,0.0,0.0,0.0,0.0
2023-12-23,250952.0,53,2023,12,31740,5273,4450,36,1,5,0,7,5,11,7,0.0,1.0,0.0,0.0,0.0,0.0
2023-12-24,126759.0,53,2023,12,31740,5273,4450,36,1,5,0,7,5,11,7,0.0,0.0,1.0,0.0,0.0,0.0
2023-12-25,132.0,53,2023,12,31740,5273,4450,36,1,5,0,7,5,11,7,1.0,0.0,0.0,0.0,0.0,0.0
2023-12-26,151935.0,53,2023,12,31740,5273,4450,36,1,5,0,7,5,11,7,0.0,0.0,0.0,0.0,1.0,0.0
2023-12-27,141889.0,53,2023,12,31740,5273,4450,36,1,5,0,7,5,11,7,0.0,0.0,0.0,0.0,0.0,1.0
2023-12-28,148493.0,53,2023,12,31740,5273,4450,36,1,5,0,7,5,11,7,0.0,0.0,0.0,1.0,0.0,0.0
2023-12-29,165304.0,53,2023,12,31740,5273,4450,36,1,5,0,7,5,11,7,0.0,0.0,0.0,0.0,0.0,0.0
2023-12-30,195054.0,53,2023,12,31740,5273,4450,36,1,5,0,7,5,11,7,0.0,1.0,0.0,0.0,0.0,0.0
2023-12-31,87991.0,53,2023,12,31740,5273,4450,36,1,5,0,7,5,11,7,0.0,0.0,1.0,0.0,0.0,0.0
2024-01-01,414.0,53,2024,1,31740,5273,4450,36,1,5,0,7,5,11,7,1.0,0.0,0.0,0.0,0.0,0.0
2024-01-02,136553.0,53,2024,1,31740,5273,4450,36,1,5,0,7,5,11,7,0.0,0.0,0.0,0.0,1.0,0.0
2024-01-03,126405.0,53,2024,1,31740,5273,4450,36,1,5,0,7,5,11,7,0.0,0.0,0.0,0.0,0.0,1.0
2024-01-04,117916.0,53,2024,1,31740,5273,4450,36,1,5,0,7,5,11,7,0.0,0.0,0.0,1.0,0.0,0.0
2024-01-05,129443.0,53,2024,1,31740,5273,4450,36,1,5,0,7,5,11,7,0.0,0.0,0.0,0.0,0.0,0.0
2024-01-06,171597.0,53,2024,1,31740,5273,4450,36,1,5,0,7,5,11,7,0.0,1.0,0.0,0.0,0.0,0.0
2024-01-07,19832.0,53,2024,1,31740,5273,4450,36,1,5,0,7,5,11,7,0.0,0.0,1.0,0.0,0.0,0.0
2024-01-08,93238.0,53,2024,1,31740,5273,4450,36,1,5,0,7,5,11,7,1.0,0.0,0.0,0.0,0.0,0.0
2024-01-09,89260.0,53,2024,1,31740,5273,4450,36,1,5,0,7,5,11,7,0.0,0.0,0.0,0.0,1.0,0.0
2024-01-10,128195.0,53,2024,1,31740,5273,4450,36,1,5,0,7,5,11,7,0.0,0.0,0.0,0.0,0.0,1.0
2024-01-11,107642.0,53,2024,1,31740,5273,4450,36,1,5,0,7,5,11,7,0.0,0.0,0.0,1.0,0.0,0.0
2024-01-12,124302.0,53,2024,1,31740,5273,4450,36,1,5,0,7,5,11,7,0.0,0.0,0.0,0.0,0.0,0.0
2024-01-13,191574.0,53,2024,1,31740,5273,4450,36,1,5,0,7,5,11,7,0.0,1.0,0.0,0.0,0.0,0.0
2024-01-14,35596.0,53,2024,1,31740,5273,4450,36,1,5,0,7,5,11,7,0.0,0.0,1.0,0.0,0.0,0.0
2024-01-15,99161.0,53,2024,1,31740,5273,4450,36,1,5,0,7,5,11,7,1.0,0.0,0.0,0.0,0.0,0.0
2024-01-16,99075.0,53,2024,1,31740,5273,4450,36,1,5,0,7,5,11,7,0.0,0.0,0.0,0.0,1.0,0.0
2024-01-17,99036.0,53,2024,1,31740,5273,4450,36,1,5,0,7,5,11,7,0.0,0.0,0.0,0.0,0.0,1.0
2024-01-18,91136.0,53,2024,1,31740,5273,4450,36,1,5,0,7,5,11,7,0.0,0.0,0.0,1.0,0.0,0.0
2024-01-19,112214.0,53,2024,1,31740,5273,4450,36,1,5,0,7,5,11,7,0.0,0.0,0.0,0.0,0.0,0.0
2024-01-20,182147.0,53,2024,1,31740,5273,4450,36,1,5,0,7,5,11,7,0.0,1.0,0.0,0.0,0.0,0.0
2024-01-21,17624.0,53,2024,1,31740,5273,4450,36,1,5,0,7,5,11,7,0.0,0.0,1.0,0.0,0.0,0.0
2024-01-22,93707.0,53,2024,1,31740,5273,4450,36,1,5,0,7,5,11,7,1.0,0.0,0.0,0.0,0.0,0.0
2024-01-23,91854.0,53,2024,1,31740,5273,4450,36,1,5,0,7,5,11,7,0.0,0.0,0.0,0.0,1.0,0.0
2024-01-24,101716.0,53,2024,1,31740,5273,4450,36,1,5,0,7,5,11,7,0.0,0.0,0.0,0.0,0.0,1.0
2024-01-25,89154.0,53,2024,1,31740,5273,4450,36,1,5,0,7,5,11,7,0.0,0.0,0.0,1.0,0.0,0.0
2024-01-26,106297.0,53,2024,1,31740,5273,4450,36,1,5,0,7,5,11,7,0.0,0.0,0.0,0.0,0.0,0.0
2024-01-27,165777.0,53,2024,1,31740,5273,4450,36,1,5,0,7,5,11,7,0.0,1.0,0.0,0.0,0.0,0.0
2024-01-28,16360.0,53,2024,1,31740,5273,4450,36,1,5,0,7,5,11,7,0.0,0.0,1.0,0.0,0.0,0.0
2024-01-29,90017.0,53,2024,1,31740,5273,4450,36,1,5,0,7,5,11,7,1.0,0.0,0.0,0.0,0.0,0.0
2024-01-30,92470.0,53,2024,1,31740,5273,4450,36,1,5,0,7,5,11,7,0.0,0.0,0.0,0.0,1.0,0.0
2024-01-31,102976.0,53,2024,1,31740,5273,4450,36,1,5,0,7,5,11,7,0.0,0.0,0.0,0.0,0.0,1.0
2024-02-01,92080.0,53,2024,2,31740,5273,4450,36,1,5,0,7,5,11,7,0.0,0.0,0.0,1.0,0.0,0.0
2024-02-02,111102.0,53,2024,2,31740,5273,4450,36,1,5,0,7,5,11,7,0.0,0.0,0.0,0.0,0.0,0.0
2024-02-03,173639.0,53,2024,2,31740,5273,4450,36,1,5,0,7,5,11,7,0.0,1.0,0.0,0.0,0.0,0.0
2024-02-04,16783.0,53,2024,2,31740,5273,4450,36,1,5,0,7,5,11,7,0.0,0.0,1.0,0.0,0.0,0.0
2024-02-05,95703.0,53,2024,2,31740,5273,4450,36,1,5,0,7,5,11,7,1.0,0.0,0.0,0.0,0.0,0.0
2024-02-06,95808.0,53,2024,2,31740,5273,4450,36,1,5,0,7,5,11,7,0.0,0.0,0.0,0.0,1.0,0.0
2024-02-07,95024.0,53,2024,2,31740,5273,4450,36,1,5,0,7,5,11,7,0.0,0.0,0.0,0.0,0.0,1.0
2024-02-08,86647.0,53,2024,2,31740,5273,4450,36,1,5,0,7,5,11,7,0.0,0.0,0.0,1.0,0.0,0.0
2024-02-09,108689.0,53,2024,2,31740,5273,4450,36,1,5,0,7,5,11,7,0.0,0.0,0.0,0.0,0.0,0.0
2024-02-10,160827.0,53,2024,2,31740,5273,4450,36,1,5,0,7,5,11,7,0.0,1.0,0.0,0.0,0.0,0.0
2024-02-11,16370.0,53,2024,2,31740,5273,4450,36,1,5,0,7,5,11,7,0.0,0.0,1.0,0.0,0.0,0.0
2024-02-12,98404.0,53,2024,2,31740,5273,4450,36,1,5,0,7,5,11,7,1.0,0.0,0.0,0.0,0.0,0.0
2024-02-13,98419.0,53,2024,2,31740,5273,4450,36,1,5,0,7,5,11,7,0.0,0.0,0.0,0.0,1.0,0.0
2024-02-14,116447.0,53,2024,2,31740,5273,4450,36,1,5,0,7,5,11,7,0.0,0.0,0.0,0.0,0.0,1.0
2024-02-15,87974.0,53,2024,2,31740,5273,4450,36,1,5,0,7,5,11,7,0.0,0.0,0.0,1.0,0.0,0.0
2024-02-16,108468.0,53,2024,2,31740,5273,4450,36,1,5,0,7,5,11,7,0.0,0.0,0.0,0.0,0.0,0.0
2024-02-17,151370.0,53,2024,2,31740,5273,4450,36,1,5,0,7,5,11,7,0.0,1.0,0.0,0.0,0.0,0.0
2024-02-18,15747.0,53,2024,2,31740,5273,4450,36,1,5,0,7,5,11,7,0.0,0.0,1.0,0.0,0.0,0.0
2024-02-19,100583.0,53,2024,2,31740,5273,4450,36,1,5,0,7,5,11,7,1.0,0.0,0.0,0.0,0.0,0.0
2024-02-20,99576.0,53,2024,2,31740,5273,4450,36,1,5,0,7,5,11,7,0.0,0.0,0.0,0.0,1.0,0.0
2024-02-21,101598.0,53,2024,2,31740,5273,4450,36,1,5,0,7,5,11,7,0.0,0.0,0.0,0.0,0.0,1.0
2024-02-22,95557.0,53,2024,2,31740,5273,4450,36,1,5,0,7,5,11,7,0.0,0.0,0.0,1.0,0.0,0.0
2024-02-23,115998.0,53,2024,2,31740,5273,4450,36,1,5,0,7,5,11,7,0.0,0.0,0.0,0.0,0.0,0.0
2024-02-24,159058.0,53,2024,2,31740,5273,4450,36,1,5,0,7,5,11,7,0.0,1.0,0.0,0.0,0.0,0.0
2024-02-25,16760.0,53,2024,2,31740,5273,4450,36,1,5,0,7,5,11,7,0.0,0.0,1.0,0.0,0.0,0.0
2024-02-26,101694.0,53,2024,2,31740,5273,4450,36,1,5,0,7,5,11,7,1.0,0.0,0.0,0.0,0.0,0.0
2024-02-27,105492.0,53,2024,2,31740,5273,4450,36,1,5,0,7,5,11,7,0.0,0.0,0.0,0.0,1.0,0.0
2024-02-28,104833.0,53,2024,2,31740,5273,4450,36,1,5,0,7,5,11,7,0.0,0.0,0.0,0.0,0.0,1.0
2024-02-29,102479.0,53,2024,2,31740,5273,4450,36,1,5,0,7,5,11,7,0.0,0.0,0.0,1.0,0.0,0.0
2024-03-01,119132.0,53,2024,3,31740,5273,4450,36,1,5,0,7,5,11,7,0.0,0.0,0.0,0.0,0.0,0.0
2024-03-02,167814.0,53,2024,3,31740,5273,4450,36,1,5,0,7,5,11,7,0.0,1.0,0.0,0.0,0.0,0.0
2024-03-03,16614.0,53,2024,3,31740,5273,4450,36,1,5,0,7,5,11,7,0.0,0.0,1.0,0.0,0.0,0.0
2024-03-04,100945.0,53,2024,3,31740,5273,4450,36,1,5,0,7,5,11,7,1.0,0.0,0.0,0.0,0.0,0.0
2024-03-05,102512.0,53,2024,3,31740,5273,4450,36,1,5,0,7,5,11,7,0.0,0.0,0.0,0.0,1.0,0.0
2024-03-06,101884.0,53,2024,3,31740,5273,4450,36,1,5,0,7,5,11,7,0.0,0.0,0.0,0.0,0.0,1.0
2024-03-07,93410.0,53,2024,3,31740,5273,4450,36,1,5,0,7,5,11,7,0.0,0.0,0.0,1.0,0.0,0.0
2024-03-08,112734.0,53,2024,3,31740,5273,4450,36,1,5,0,7,5,11,7,0.0,0.0,0.0,0.0,0.0,0.0
2024-03-09,157421.0,53,2024,3,31740,5273,4450,36,1,5,0,7,5,11,7,0.0,1.0,0.0,0.0,0.0,0.0
2024-03-10,16323.0,53,2024,3,31740,5273,4450,36,1,5,0,7,5,11,7,0.0,0.0,1.0,0.0,0.0,0.0
2024-03-11,89074.0,53,2024,3,31740,5273,4450,36,1,5,0,7,5,11,7,1.0,0.0,0.0,0.0,0.0,0.0
2024-03-12,87083.0,53,2024,3,31740,5273,4450,36,1,5,0,7,5,11,7,0.0,0.0,0.0,0.0,1.0,0.0
2024-03-13,91485.0,53,2024,3,31740,5273,4450,36,1,5,0,7,5,11,7,0.0,0.0,0.0,0.0,0.0,1.0
2024-03-14,84940.0,53,2024,3,31740,5273,4450,36,1,5,0,7,5,11,7,0.0,0.0,0.0,1.0,0.0,0.0
2024-03-15,104480.0,53,2024,3,31740,5273,4450,36,1,5,0,7,5,11,7,0.0,0.0,0.0,0.0,0.0,0.0
2024-03-16,153109.0,53,2024,3,31740,5273,4450,36,1,5,0,7,5,11,7,0.0,1.0,0.0,0.0,0.0,0.0
2024-03-17,16494.0,53,2024,3,31740,5273,4450,36,1,5,0,7,5,11,7,0.0,0.0,1.0,0.0,0.0,0.0
2024-03-18,88286.0,53,2024,3,31740,5273,4450,36,1,5,0,7,5,11,7,1.0,0.0,0.0,0.0,0.0,0.0
2024-03-19,90771.0,53,2024,3,31740,5273,4450,36,1,5,0,7,5,11,7,0.0,0.0,0.0,0.0,1.0,0.0
2024-03-20,95301.0,53,2024,3,31740,5273,4450,36,1,5,0,7,5,11,7,0.0,0.0,0.0,0.0,0.0,1.0
2024-03-21,86558.0,53,2024,3,31740,5273,4450,36,1,5,0,7,5,11,7,0.0,0.0,0.0,1.0,0.0,0.0
2024-03-22,104165.0,53,2024,3,31740,5273,4450,36,1,5,0,7,5,11,7,0.0,0.0,0.0,0.0,0.0,0.0
2024-03-23,159697.0,53,2024,3,31740,5273,4450,36,1,5,0,7,5,11,7,0.0,1.0,0.0,0.0,0.0,0.0
2024-03-24,16177.0,53,2024,3,31740,5273,4450,36,1,5,0,7,5,11,7,0.0,0.0,1.0,0.0,0.0,0.0
2024-03-25,89314.0,53,2024,3,31740,5273,4450,36,1,5,0,7,5,11,7,1.0,0.0,0.0,0.0,0.0,0.0
2024-03-26,92542.0,53,2024,3,31740,5273,4450,36,1,5,0,7,5,11,7,0.0,0.0,0.0,0.0,1.0,0.0
2024-03-27,103914.0,53,2024,3,31740,5273,4450,36,1,5,0,7,5,11,7,0.0,0.0,0.0,0.0,0.0,1.0
2024-03-28,97687.0,53,2024,3,31740,5273,4450,36,1,5,0,7,5,11,7,0.0,0.0,0.0,1.0,0.0,0.0
2024-03-29,127360.0,53,2024,3,31740,5273,4450,36,1,5,0,7,5,11,7,0.0,0.0,0.0,0.0,0.0,0.0
2024-03-30,188386.0,53,2024,3,31740,5273,4450,36,1,5,0,7,5,11,7,0.0,1.0,0.0,0.0,0.0,0.0
2024-03-31,15149.0,53,2024,3,31740,5273,4450,36,1,5,0,7,5,11,7,0.0,0.0,1.0,0.0,0.0,0.0
2024-04-01,89141.0,53,2024,4,31740,5273,4450,36,1,5,0,7,5,11,7,1.0,0.0,0.0,0.0,0.0,0.0
2024-04-02,98681.0,53,2024,4,31740,5273,4450,36,1,5,0,7,5,11,7,0.0,0.0,0.0,0.0,1.0,0.0
2024-04-03,102938.0,53,2024,4,31740,5273,4450,36,1,5,0,7,5,11,7,0.0,0.0,0.0,0.0,0.0,1.0
2024-04-04,91081.0,53,2024,4,31740,5273,4450,36,1,5,0,7,5,11,7,0.0,0.0,0.0,1.0,0.0,0.0
2024-04-05,112147.0,53,2024,4,31740,5273,4450,36,1,5,0,7,5,11,7,0.0,0.0,0.0,0.0,0.0,0.0
2024-04-06,159267.0,53,2024,4,31740,5273,4450,36,1,5,0,7,5,11,7,0.0,1.0,0.0,0.0,0.0,0.0
2024-04-07,15369.0,53,2024,4,31740,5273,4450,36,1,5,0,7,5,11,7,0.0,0.0,1.0,0.0,0.0,0.0
2024-04-08,103427.0,53,2024,4,31740,5273,4450,36,1,5,0,7,5,11,7,1.0,0.0,0.0,0.0,0.0,0.0
2024-04-09,106230.0,53,2024,4,31740,5273,4450,36,1,5,0,7,5,11,7,0.0,0.0,0.0,0.0,1.0,0.0
2024-04-10,103586.0,53,2024,4,31740,5273,4450,36,1,5,0,7,5,11,7,0.0,0.0,0.0,0.0,0.0,1.0
2024-04-11,93694.0,53,2024,4,31740,5273,4450,36,1,5,0,7,5,11,7,0.0,0.0,0.0,1.0,0.0,0.0
2024-04-12,110224.0,53,2024,4,31740,5273,4450,36,1,5,0,7,5,11,7,0.0,0.0,0.0,0.0,0.0,0.0
2024-04-13,149867.0,53,2024,4,31740,5273,4450,36,1,5,0,7,5,11,7,0.0,1.0,0.0,0.0,0.0,0.0
2024-04-14,17627.0,53,2024,4,31740,5273,4450,36,1,5,0,7,5,11,7,0.0,0.0,1.0,0.0,0.0,0.0
2024-04-15,105851.0,53,2024,4,31740,5273,4450,36,1,5,0,7,5,11,7,1.0,0.0,0.0,0.0,0.0,0.0
2024-04-16,104152.0,53,2024,4,31740,5273,4450,36,1,5,0,7,5,11,7,0.0,0.0,0.0,0.0,1.0,0.0
2024-04-17,106442.0,53,2024,4,31740,5273,4450,36,1,5,0,7,5,11,7,0.0,0.0,0.0,0.0,0.0,1.0
2024-04-18,95174.0,53,2024,4,31740,5273,4450,36,1,5,0,7,5,11,7,0.0,0.0,0.0,1.0,0.0,0.0
2024-04-19,112242.0,53,2024,4,31740,5273,4450,36,1,5,0,7,5,11,7,0.0,0.0,0.0,0.0,0.0,0.0
2024-04-20,150369.0,53,2024,4,31740,5273,4450,36,1,5,0,7,5,11,7,0.0,1.0,0.0,0.0,0.0,0.0
2024-04-21,16361.0,53,2024,4,31740,5273,4450,36,1,5,0,7,5,11,7,0.0,0.0,1.0,0.0,0.0,0.0
2024-04-22,102040.0,53,2024,4,31740,5273,4450,36,1,5,0,7,5,11,7,1.0,0.0,0.0,0.0,0.0,0.0
2024-04-23,102460.0,53,2024,4,31740,5273,4450,36,1,5,0,7,5,11,7,0.0,0.0,0.0,0.0,1.0,0.0
2024-04-24,103418.0,53,2024,4,31740,5273,4450,36,1,5,0,7,5,11,7,0.0,0.0,0.0,0.0,0.0,1.0
2024-04-25,98877.0,53,2024,4,31740,5273,4450,36,1,5,0,7,5,11,7,0.0,0.0,0.0,1.0,0.0,0.0
2024-04-26,117894.0,53,2024,4,31740,5273,4450,36,1,5,0,7,5,11,7,0.0,0.0,0.0,0.0,0.0,0.0
2024-04-27,166417.0,53,2024,4,31740,5273,4450,36,1,5,0,7,5,11,7,0.0,1.0,0.0,0.0,0.0,0.0
2024-04-28,17414.0,53,2024,4,31740,5273,4450,36,1,5,0,7,5,11,7,0.0,0.0,1.0,0.0,0.0,0.0
2024-04-29,110350.0,53,2024,4,31740,5273,4450,36,1,5,0,7,5,11,7,1.0,0.0,0.0,0.0,0.0,0.0
2024-04-30,128130.0,53,2024,4,31740,5273,4450,36,1,5,0,7,5,11,7,0.0,0.0,0.0,0.0,1.0,0.0
2024-05-01,715.0,53,2024,5,31740,5273,4450,36,1,5,0,7,5,11,7,0.0,0.0,0.0,0.0,0.0,1.0
2024-05-02,125554.0,53,2024,5,31740,5273,4450,36,1,5,0,7,5,11,7,0.0,0.0,0.0,1.0,0.0,0.0
2024-05-03,123839.0,53,2024,5,31740,5273,4450,36,1,5,0,7,5,11,7,0.0,0.0,0.0,0.0,0.0,0.0
2024-05-04,169873.0,53,2024,5,31740,5273,4450,36,1,5,0,7,5,11,7,0.0,1.0,0.0,0.0,0.0,0.0
2024-05-05,16020.0,53,2024,5,31740,5273,4450,36,1,5,0,7,5,11,7,0.0,0.0,1.0,0.0,0.0,0.0
2024-05-06,114460.0,53,2024,5,31740,5273,4450,36,1,5,0,7,5,11,7,1.0,0.0,0.0,0.0,0.0,0.0
2024-05-07,123807.0,53,2024,5,31740,5273,4450,36,1,5,0,7,5,11,7,0.0,0.0,0.0,0.0,1.0,0.0
2024-05-08,122135.0,53,2024,5,31740,5273,4450,36,1,5,0,7,5,11,7,0.0,0.0,0.0,0.0,0.0,1.0
2024-05-09,107483.0,53,2024,5,31740,5273,4450,36,1,5,0,7,5,11,7,0.0,0.0,0.0,1.0,0.0,0.0
2024-05-10,133375.0,53,2024,5,31740,5273,4450,36,1,5,0,7,5,11,7,0.0,0.0,0.0,0.0,0.0,0.0
2024-05-11,133709.0,53,2024,5,31740,5273,4450,36,1,5,0,7,5,11,7,0.0,1.0,0.0,0.0,0.0,0.0
2024-05-12,16121.0,53,2024,5,31740,5273,4450,36,1,5,0,7,5,11,7,0.0,0.0,1.0,0.0,0.0,0.0
2024-05-13,100358.0,53,2024,5,31740,5273,4450,36,1,5,0,7,5,11,7,1.0,0.0,0.0,0.0,0.0,0.0
2024-05-14,95676.0,53,2024,5,31740,5273,4450,36,1,5,0,7,5,11,7,0.0,0.0,0.0,0.0,1.0,0.0
2024-05-15,104150.0,53,2024,5,31740,5273,4450,36,1,5,0,7,5,11,7,0.0,0.0,0.0,0.0,0.0,1.0
2024-05-16,92900.0,53,2024,5,31740,5273,4450,36,1,5,0,7,5,11,7,0.0,0.0,0.0,1.0,0.0,0.0
2024-05-17,112033.0,53,2024,5,31740,5273,4450,36,1,5,0,7,5,11,7,0.0,0.0,0.0,0.0,0.0,0.0
2024-05-18,162743.0,53,2024,5,31740,5273,4450,36,1,5,0,7,5,11,7,0.0,1.0,0.0,0.0,0.0,0.0
2024-05-19,17036.0,53,2024,5,31740,5273,4450,36,1,5,0,7,5,11,7,0.0,0.0,1.0,0.0,0.0,0.0
2024-05-20,107372.0,53,2024,5,31740,5273,4450,36,1,5,0,7,5,11,7,1.0,0.0,0.0,0.0,0.0,0.0
2024-05-21,100367.0,53,2024,5,31740,5273,4450,36,1,5,0,7,5,11,7,0.0,0.0,0.0,0.0,1.0,0.0
2024-05-22,104024.0,53,2024,5,31740,5273,4450,36,1,5,0,7,5,11,7,0.0,0.0,0.0,0.0,0.0,1.0
2024-05-23,95285.0,53,2024,5,31740,5273,4450,36,1,5,0,7,5,11,7,0.0,0.0,0.0,1.0,0.0,0.0
2024-05-24,115116.0,53,2024,5,31740,5273,4450,36,1,5,0,7,5,11,7,0.0,0.0,0.0,0.0,0.0,0.0
2024-05-25,171846.0,53,2024,5,31740,5273,4450,36,1,5,0,7,5,11,7,0.0,1.0,0.0,0.0,0.0,0.0
2024-05-26,21476.0,53,2024,5,31740,5273,4450,36,1,5,0,7,5,11,7,0.0,0.0,1.0,0.0,0.0,0.0
2024-05-27,94763.0,53,2024,5,31740,5273,4450,36,1,5,0,7,5,11,7,1.0,0.0,0.0,0.0,0.0,0.0
2024-05-28,94123.0,53,2024,5,31740,5273,4450,36,1,5,0,7,5,11,7,0.0,0.0,0.0,0.0,1.0,0.0
2024-05-29,103935.0,53,2024,5,31740,5273,4450,36,1,5,0,7,5,11,7,0.0,0.0,0.0,0.0,0.0,1.0
2024-05-30,97132.0,53,2024,5,31740,5273,4450,36,1,5,0,7,5,11,7,0.0,0.0,0.0,1.0,0.0,0.0
2024-05-31,114227.0,53,2024,5,31740,5273,4450,36,1,5,0,7,5,11,7,0.0,0.0,0.0,0.0,0.0,0.0
2024-06-01,160558.0,53,2024,6,31740,5273,4450,36,1,5,0,7,5,11,7,0.0,1.0,0.0,0.0,0.0,0.0
2024-06-02,17661.0,53,2024,6,31740,5273,4450,36,1,5,0,7,5,11,7,0.0,0.0,1.0,0.0,0.0,0.0
2024-06-03,100401.0,53,2024,6,31740,5273,4450,36,1,5,0,7,5,11,7,1.0,0.0,0.0,0.0,0.0,0.0
2024-06-04,98400.0,53,2024,6,31740,5273,4450,36,1,5,0,7,5,11,7,0.0,0.0,0.0,0.0,1.0,0.0
2024-06-05,108186.0,53,2024,6,31740,5273,4450,36,1,5,0,7,5,11,7,0.0,0.0,0.0,0.0,0.0,1.0
2024-06-06,97621.0,53,2024,6,31740,5273,4450,36,1,5,0,7,5,11,7,0.0,0.0,0.0,1.0,0.0,0.0
2024-06-07,117971.0,53,2024,6,31740,5273,4450,36,1,5,0,7,5,11,7,0.0,0.0,0.0,0.0,0.0,0.0
2024-06-08,166418.0,53,2024,6,31740,5273,4450,36,1,5,0,7,5,11,7,0.0,1.0,0.0,0.0,0.0,0.0
2024-06-09,20819.0,53,2024,6,31740,5273,4450,36,1,5,0,7,5,11,7,0.0,0.0,1.0,0.0,0.0,0.0
2024-06-10,101585.0,53,2024,6,31740,5273,4450,36,1,5,0,7,5,11,7,1.0,0.0,0.0,0.0,0.0,0.0
2024-06-11,103581.0,53,2024,6,31740,5273,4450,36,1,5,0,7,5,11,7,0.0,0.0,0.0,0.0,1.0,0.0
2024-06-12,110235.0,53,2024,6,31740,5273,4450,36,1,5,0,7,5,11,7,0.0,0.0,0.0,0.0,0.0,1.0
2024-06-13,96160.0,53,2024,6,31740,5273,4450,36,1,5,0,7,5,11,7,0.0,0.0,0.0,1.0,0.0,0.0
2024-06-14,117155.0,53,2024,6,31740,5273,4450,36,1,5,0,7,5,11,7,0.0,0.0,0.0,0.0,0.0,0.0
2024-06-15,171692.0,53,2024,6,31740,5273,4450,36,1,5,0,7,5,11,7,0.0,1.0,0.0,0.0,0.0,0.0
2024-06-16,19019.0,53,2024,6,31740,5273,4450,36,1,5,0,7,5,11,7,0.0,0.0,1.0,0.0,0.0,0.0
2024-06-17,96938.0,53,2024,6,31740,5273,4450,36,1,5,0,7,5,11,7,1.0,0.0,0.0,0.0,0.0,0.0
2024-06-18,95899.0,53,2024,6,31740,5273,4450,36,1,5,0,7,5,11,7,0.0,0.0,0.0,0.0,1.0,0.0
2024-06-19,105186.0,53,2024,6,31740,5273,4450,36,1,5,0,7,5,11,7,0.0,0.0,0.0,0.0,0.0,1.0
2024-06-20,97680.0,53,2024,6,31740,5273,4450,36,1,5,0,7,5,11,7,0.0,0.0,0.0,1.0,0.0,0.0
2024-06-21,108754.0,53,2024,6,31740,5273,4450,36,1,5,0,7,5,11,7,0.0,0.0,0.0,0.0,0.0,0.0
2024-06-22,154706.0,53,2024,6,31740,5273,4450,36,1,5,0,7,5,11,7,0.0,1.0,0.0,0.0,0.0,0.0
2024-06-23,18206.0,53,2024,6,31740,5273,4450,36,1,5,0,7,5,11,7,0.0,0.0,1.0,0.0,0.0,0.0
2024-06-24,99373.0,53,2024,6,31740,5273,4450,36,1,5,0,7,5,11,7,1.0,0.0,0.0,0.0,0.0,0.0
2024-06-25,93226.0,53,2024,6,31740,5273,4450,36,1,5,0,7,5,11,7,0.0,0.0,0.0,0.0,1.0,0.0
2024-06-26,128994.0,53,2024,6,31740,5273,4450,36,1,5,0,7,5,11,7,0.0,0.0,0.0,0.0,0.0,1.0
2024-06-27,116173.0,53,2024,6,31740,5273,4450,36,1,5,0,7,5,11,7,0.0,0.0,0.0,1.0,0.0,0.0
2024-06-28,132178.0,53,2024,6,31740,5273,4450,36,1,5,0,7,5,11,7,0.0,0.0,0.0,0.0,0.0,0.0
2024-06-29,185505.0,53,2024,6,31740,5273,4450,36,1,5,0,7,5,11,7,0.0,1.0,0.0,0.0,0.0,0.0
2024-06-30,29531.0,53,2024,6,31740,5273,4450,36,1,5,0,7,5,11,7,0.0,0.0,1.0,0.0,0.0,0.0
2024-07-01,120697.0,53,2024,7,31740,5273,4450,36,1,5,0,7,5,11,7,1.0,0.0,0.0,0.0,0.0,0.0
2024-07-02,122612.0,53,2024,7,31740,5273,4450,36,1,5,0,7,5,11,7,0.0,0.0,0.0,0.0,1.0,0.0
2024-07-03,134627.0,53,2024,7,31740,5273,4450,36,1,5,0,7,5,11,7,0.0,0.0,0.0,0.0,0.0,1.0
2024-07-04,120551.0,53,2024,7,31740,5273,4450,36,1,5,0,7,5,11,7,0.0,0.0,0.0,1.0,0.0,0.0
2024-07-05,128745.0,53,2024,7,31740,5273,4450,36,1,5,0,7,5,11,7,0.0,0.0,0.0,0.0,0.0,0.0
2024-07-06,188370.0,53,2024,7,31740,5273,4450,36,1,5,0,7,5,11,7,0.0,1.0,0.0,0.0,0.0,0.0
2024-07-07,21385.0,53,2024,7,31740,5273,4450,36,1,5,0,7,5,11,7,0.0,0.0,1.0,0.0,0.0,0.0
2024-07-08,129738.0,53,2024,7,31740,5273,4450,36,1,5,0,7,5,11,7,1.0,0.0,0.0,0.0,0.0,0.0
2024-07-09,127273.0,53,2024,7,31740,5273,4450,36,1,5,0,7,5,11,7,0.0,0.0,0.0,0.0,1.0,0.0
2024-07-10,120201.0,53,2024,7,31740,5273,4450,36,1,5,0,7,5,11,7,0.0,0.0,0.0,0.0,0.0,1.0
2024-07-11,114932.0,53,2024,7,31740,5273,4450,36,1,5,0,7,5,11,7,0.0,0.0,0.0,1.0,0.0,0.0
2024-07-12,132708.0,53,2024,7,31740,5273,4450,36,1,5,0,7,5,11,7,0.0,0.0,0.0,0.0,0.0,0.0
2024-07-13,163910.0,53,2024,7,31740,5273,4450,36,1,5,0,7,5,11,7,0.0,1.0,0.0,0.0,0.0,0.0
2024-07-14,24847.0,53,2024,7,31740,5273,4450,36,1,5,0,7,5,11,7,0.0,0.0,1.0,0.0,0.0,0.0
2024-07-15,129661.0,53,2024,7,31740,5273,4450,36,1,5,0,7,5,11,7,1.0,0.0,0.0,0.0,0.0,0.0
2024-07-16,116561.0,53,2024,7,31740,5273,4450,36,1,5,0,7,5,11,7,0.0,0.0,0.0,0.0,1.0,0.0
2024-07-17,111377.0,53,2024,7,31740,5273,4450,36,1,5,0,7,5,11,7,0.0,0.0,0.0,0.0,0.0,1.0
2024-07-18,105272.0,53,2024,7,31740,5273,4450,36,1,5,0,7,5,11,7,0.0,0.0,0.0,1.0,0.0,0.0
2024-07-19,117562.0,53,2024,7,31740,5273,4450,36,1,5,0,7,5,11,7,0.0,0.0,0.0,0.0,0.0,0.0
2024-07-20,154486.0,53,2024,7,31740,5273,4450,36,1,5,0,7,5,11,7,0.0,1.0,0.0,0.0,0.0,0.0
2024-07-21,30638.0,53,2024,7,31740,5273,4450,36,1,5,0,7,5,11,7,0.0,0.0,1.0,0.0,0.0,0.0
2024-07-22,127971.0,53,2024,7,31740,5273,4450,36,1,5,0,7,5,11,7,1.0,0.0,0.0,0.0,0.0,0.0
2024-07-23,118788.0,53,2024,7,31740,5273,4450,36,1,5,0,7,5,11,7,0.0,0.0,0.0,0.0,1.0,0.0
2024-07-24,109351.0,53,2024,7,31740,5273,4450,36,1,5,0,7,5,11,7,0.0,0.0,0.0,0.0,0.0,1.0
2024-07-25,106907.0,53,2024,7,31740,5273,4450,36,1,5,0,7,5,11,7,0.0,0.0,0.0,1.0,0.0,0.0
2024-07-26,117693.0,53,2024,7,31740,5273,4450,36,1,5,0,7,5,11,7,0.0,0.0,0.0,0.0,0.0,0.0
2024-07-27,148116.0,53,2024,7,31740,5273,4450,36,1,5,0,7,5,11,7,0.0,1.0,0.0,0.0,0.0,0.0
2024-07-28,28415.0,53,2024,7,31740,5273,4450,36,1,5,0,7,5,11,7,0.0,0.0,1.0,0.0,0.0,0.0
2024-07-29,116249.0,53,2024,7,31740,5273,4450,36,1,5,0,7,5,11,7,1.0,0.0,0.0,0.0,0.0,0.0
2024-07-30,115819.0,53,2024,7,31740,5273,4450,36,1,5,0,7,5,11,7,0.0,0.0,0.0,0.0,1.0,0.0
2024-07-31,115424.0,53,2024,7,31740,5273,4450,36,1,5,0,7,5,11,7,0.0,0.0,0.0,0.0,0.0,1.0
2024-08-01,116822.0,53,2024,8,31740,5273,4450,36,1,5,0,7,5,11,7,0.0,0.0,0.0,1.0,0.0,0.0
2024-08-02,128622.0,53,2024,8,31740,5273,4450,36,1,5,0,7,5,11,7,0.0,0.0,0.0,0.0,0.0,0.0
2024-08-03,154629.0,53,2024,8,31740,5273,4450,36,1,5,0,7,5,11,7,0.0,1.0,0.0,0.0,0.0,0.0
2024-08-04,31208.0,53,2024,8,31740,5273,4450,36,1,5,0,7,5,11,7,0.0,0.0,1.0,0.0,0.0,0.0
2024-08-05,131942.0,53,2024,8,31740,5273,4450,36,1,5,0,7,5,11,7,1.0,0.0,0.0,0.0,0.0,0.0
2024-08-06,130507.0,53,2024,8,31740,5273,4450,36,1,5,0,7,5,11,7,0.0,0.0,0.0,0.0,1.0,0.0
2024-08-07,120903.0,53,2024,8,31740,5273,4450,36,1,5,0,7,5,11,7,0.0,0.0,0.0,0.0,0.0,1.0
2024-08-08,112655.0,53,2024,8,31740,5273,4450,36,1,5,0,7,5,11,7,0.0,0.0,0.0,1.0,0.0,0.0
2024-08-09,122330.0,53,2024,8,31740,5273,4450,36,1,5,0,7,5,11,7,0.0,0.0,0.0,0.0,0.0,0.0
2024-08-10,141475.0,53,2024,8,31740,5273,4450,36,1,5,0,7,5,11,7,0.0,1.0,0.0,0.0,0.0,0.0
2024-08-11,33877.0,53,2024,8,31740,5273,4450,36,1,5,0,7,5,11,7,0.0,0.0,1.0,0.0,0.0,0.0
2024-08-12,136040.0,53,2024,8,31740,5273,4450,36,1,5,0,7,5,11,7,1.0,0.0,0.0,0.0,0.0,0.0
2024-08-13,129335.0,53,2024,8,31740,5273,4450,36,1,5,0,7,5,11,7,0.0,0.0,0.0,0.0,1.0,0.0
2024-08-14,135848.0,53,2024,8,31740,5273,4450,36,1,5,0,7,5,11,7,0.0,0.0,0.0,0.0,0.0,1.0
2024-08-15,107994.0,53,2024,8,31740,5273,4450,36,1,5,0,7,5,11,7,0.0,0.0,0.0,1.0,0.0,0.0
2024-08-16,132987.0,53,2024,8,31740,5273,4450,36,1,5,0,7,5,11,7,0.0,0.0,0.0,0.0,0.0,0.0
2024-08-17,133879.0,53,2024,8,31740,5273,4450,36,1,5,0,7,5,11,7,0.0,1.0,0.0,0.0,0.0,0.0
2024-08-18,23094.0,53,2024,8,31740,5273,4450,36,1,5,0,7,5,11,7,0.0,0.0,1.0,0.0,0.0,0.0
2024-08-19,128632.0,53,2024,8,31740,5273,4450,36,1,5,0,7,5,11,7,1.0,0.0,0.0,0.0,0.0,0.0
2024-08-20,126289.0,53,2024,8,31740,5273,4450,36,1,5,0,7,5,11,7,0.0,0.0,0.0,0.0,1.0,0.0
2024-08-21,121869.0,53,2024,8,31740,5273,4450,36,1,5,0,7,5,11,7,0.0,0.0,0.0,0.0,0.0,1.0
2024-08-22,111512.0,53,2024,8,31740,5273,4450,36,1,5,0,7,5,11,7,0.0,0.0,0.0,1.0,0.0,0.0
2024-08-23,120931.0,53,2024,8,31740,5273,4450,36,1,5,0,7,5,11,7,0.0,0.0,0.0,0.0,0.0,0.0
2024-08-24,146811.0,53,2024,8,31740,5273,4450,36,1,5,0,7,5,11,7,0.0,1.0,0.0,0.0,0.0,0.0
2024-08-25,19585.0,53,2024,8,31740,5273,4450,36,1,5,0,7,5,11,7,0.0,0.0,1.0,0.0,0.0,0.0
2024-08-26,130168.0,53,2024,8,31740,5273,4450,36,1,5,0,7,5,11,7,1.0,0.0,0.0,0.0,0.0,0.0
2024-08-27,119008.0,53,2024,8,31740,5273,4450,36,1,5,0,7,5,11,7,0.0,0.0,0.0,0.0,1.0,0.0
2024-08-28,123240.0,53,2024,8,31740,5273,4450,36,1,5,0,7,5,11,7,0.0,0.0,0.0,0.0,0.0,1.0
2024-08-29,127761.0,53,2024,8,31740,5273,4450,36,1,5,0,7,5,11,7,0.0,0.0,0.0,1.0,0.0,0.0
2024-08-30,136629.0,53,2024,8,31740,5273,4450,36,1,5,0,7,5,11,7,0.0,0.0,0.0,0.0,0.0,0.0
2024-08-31,179530.0,53,2024,8,31740,5273,4450,36,1,5,0,7,5,11,7,0.0,1.0,0.0,0.0,0.0,0.0
2024-09-01,35933.0,53,2024,9,31740,5273,4450,36,1,5,0,7,5,11,7,0.0,0.0,1.0,0.0,0.0,0.0
2024-09-02,126543.0,53,2024,9,31740,5273,4450,36,1,5,0,7,5,11,7,1.0,0.0,0.0,0.0,0.0,0.0
2024-09-03,113490.0,53,2024,9,31740,5273,4450,36,1,5,0,7,5,11,7,0.0,0.0,0.0,0.0,1.0,0.0
2024-09-04,119950.0,53,2024,9,31740,5273,4450,36,1,5,0,7,5,11,7,0.0,0.0,0.0,0.0,0.0,1.0
2024-09-05,100063.0,53,2024,9,31740,5273,4450,36,1,5,0,7,5,11,7,0.0,0.0,0.0,1.0,0.0,0.0
2024-09-06,118161.0,53,2024,9,31740,5273,4450,36,1,5,0,7,5,11,7,0.0,0.0,0.0,0.0,0.0,0.0
2024-09-07,181417.0,53,2024,9,31740,5273,4450,36,1,5,0,7,5,11,7,0.0,1.0,0.0,0.0,0.0,0.0
2024-09-08,27252.0,53,2024,9,31740,5273,4450,36,1,5,0,7,5,11,7,0.0,0.0,1.0,0.0,0.0,0.0
2024-09-09,103745.0,53,2024,9,31740,5273,4450,36,1,5,0,7,5,11,7,1.0,0.0,0.0,0.0,0.0,0.0
2024-09-10,100337.0,53,2024,9,31740,5273,4450,36,1,5,0,7,5,11,7,0.0,0.0,0.0,0.0,1.0,0.0
2024-09-11,110305.0,53,2024,9,31740,5273,4450,36,1,5,0,7,5,11,7,0.0,0.0,0.0,0.0,0.0,1.0
2024-09-12,97876.0,53,2024,9,31740,5273,4450,36,1,5,0,7,5,11,7,0.0,0.0,0.0,1.0,0.0,0.0
2024-09-13,112085.0,53,2024,9,31740,5273,4450,36,1,5,0,7,5,11,7,0.0,0.0,0.0,0.0,0.0,0.0
2024-09-14,167395.0,53,2024,9,31740,5273,4450,36,1,5,0,7,5,11,7,0.0,1.0,0.0,0.0,0.0,0.0
2024-09-15,20234.0,53,2024,9,31740,5273,4450,36,1,5,0,7,5,11,7,0.0,0.0,1.0,0.0,0.0,0.0
2024-09-16,97431.0,53,2024,9,31740,5273,4450,36,1,5,0,7,5,11,7,1.0,0.0,0.0,0.0,0.0,0.0
2024-09-17,93360.0,53,2024,9,31740,5273,4450,36,1,5,0,7,5,11,7,0.0,0.0,0.0,0.0,1.0,0.0
2024-09-18,99797.0,53,2024,9,31740,5273,4450,36,1,5,0,7,5,11,7,0.0,0.0,0.0,0.0,0.0,1.0
2024-09-19,88231.0,53,2024,9,31740,5273,4450,36,1,5,0,7,5,11,7,0.0,0.0,0.0,1.0,0.0,0.0
2024-09-20,105926.0,53,2024,9,31740,5273,4450,36,1,5,0,7,5,11,7,0.0,0.0,0.0,0.0,0.0,0.0
2024-09-21,160918.0,53,2024,9,31740,5273,4450,36,1,5,0,7,5,11,7,0.0,1.0,0.0,0.0,0.0,0.0
2024-09-22,19767.0,53,2024,9,31740,5273,4450,36,1,5,0,7,5,11,7,0.0,0.0,1.0,0.0,0.0,0.0
2024-09-23,96294.0,53,2024,9,31740,5273,4450,36,1,5,0,7,5,11,7,1.0,0.0,0.0,0.0,0.0,0.0
2024-09-24,97654.0,53,2024,9,31740,5273,4450,36,1,5,0,7,5,11,7,0.0,0.0,0.0,0.0,1.0,0.0
2024-09-25,101388.0,53,2024,9,31740,5273,4450,36,1,5,0,7,5,11,7,0.0,0.0,0.0,0.0,0.0,1.0
2024-09-26,93473.0,53,2024,9,31740,5273,4450,36,1,5,0,7,5,11,7,0.0,0.0,0.0,1.0,0.0,0.0
2024-09-27,115462.0,53,2024,9,31740,5273,4450,36,1,5,0,7,5,11,7,0.0,0.0,0.0,0.0,0.0,0.0
2024-09-28,175346.0,53,2024,9,31740,5273,4450,36,1,5,0,7,5,11,7,0.0,1.0,0.0,0.0,0.0,0.0
2024-09-29,21327.0,53,2024,9,31740,5273,4450,36,1,5,0,7,5,11,7,0.0,0.0,1.0,0.0,0.0,0.0
2024-09-30,96815.0,53,2024,9,31740,5273,4450,36,1,5,0,7,5,11,7,1.0,0.0,0.0,0.0,0.0,0.0
2024-10-01,97725.0,53,2024,10,31740,5273,4450,36,1,5,0,7,5,11,7,0.0,0.0,0.0,0.0,1.0,0.0
2024-10-02,106313.0,53,2024,10,31740,5273,4450,36,1,5,0,7,5,11,7,0.0,0.0,0.0,0.0,0.0,1.0
2024-10-03,94221.0,53,2024,10,31740,5273,4450,36,1,5,0,7,5,11,7,0.0,0.0,0.0,1.0,0.0,0.0
2024-10-04,115819.0,53,2024,10,31740,5273,4450,36,1,5,0,7,5,11,7,0.0,0.0,0.0,0.0,0.0,0.0
2024-10-05,175097.0,53,2024,10,31740,5273,4450,36,1,5,0,7,5,11,7,0.0,1.0,0.0,0.0,0.0,0.0
2024-10-06,18749.0,53,2024,10,31740,5273,4450,36,1,5,0,7,5,11,7,0.0,0.0,1.0,0.0,0.0,0.0
2024-10-07,97490.0,53,2024,10,31740,5273,4450,36,1,5,0,7,5,11,7,1.0,0.0,0.0,0.0,0.0,0.0
2024-10-08,92730.0,53,2024,10,31740,5273,4450,36,1,5,0,7,5,11,7,0.0,0.0,0.0,0.0,1.0,0.0
2024-10-09,96516.0,53,2024,10,31740,5273,4450,36,1,5,0,7,5,11,7,0.0,0.0,0.0,0.0,0.0,1.0
2024-10-10,93509.0,53,2024,10,31740,5273,4450,36,1,5,0,7,5,11,7,0.0,0.0,0.0,1.0,0.0,0.0
2024-10-11,110987.0,53,2024,10,31740,5273,4450,36,1,5,0,7,5,11,7,0.0,0.0,0.0,0.0,0.0,0.0
2024-10-12,168158.0,53,2024,10,31740,5273,4450,36,1,5,0,7,5,11,7,0.0,1.0,0.0,0.0,0.0,0.0
2024-10-13,18359.0,53,2024,10,31740,5273,4450,36,1,5,0,7,5,11,7,0.0,0.0,1.0,0.0,0.0,0.0
2024-10-14,90408.0,53,2024,10,31740,5273,4450,36,1,5,0,7,5,11,7,1.0,0.0,0.0,0.0,0.0,0.0
2024-10-15,91899.0,53,2024,10,31740,5273,4450,36,1,5,0,7,5,11,7,0.0,0.0,0.0,0.0,1.0,0.0
2024-10-16,97609.0,53,2024,10,31740,5273,4450,36,1,5,0,7,5,11,7,0.0,0.0,0.0,0.0,0.0,1.0
2024-10-17,84352.0,53,2024,10,31740,5273,4450,36,1,5,0,7,5,11,7,0.0,0.0,0.0,1.0,0.0,0.0
2024-10-18,106474.0,53,2024,10,31740,5273,4450,36,1,5,0,7,5,11,7,0.0,0.0,0.0,0.0,0.0,0.0
2024-10-19,162836.0,53,2024,10,31740,5273,4450,36,1,5,0,7,5,11,7,0.0,1.0,0.0,0.0,0.0,0.0
2024-10-20,18178.0,53,2024,10,31740,5273,4450,36,1,5,0,7,5,11,7,0.0,0.0,1.0,0.0,0.0,0.0
2024-10-21,106657.0,53,2024,10,31740,5273,4450,36,1,5,0,7,5,11,7,1.0,0.0,0.0,0.0,0.0,0.0
2024-10-22,104674.0,53,2024,10,31740,5273,4450,36,1,5,0,7,5,11,7,0.0,0.0,0.0,0.0,1.0,0.0
2024-10-23,102020.0,53,2024,10,31740,5273,4450,36,1,5,0,7,5,11,7,0.0,0.0,0.0,0.0,0.0,1.0
2024-10-24,97220.0,53,2024,10,31740,5273,4450,36,1,5,0,7,5,11,7,0.0,0.0,0.0,1.0,0.0,0.0
2024-10-25,123644.0,53,2024,10,31740,5273,4450,36,1,5,0,7,5,11,7,0.0,0.0,0.0,0.0,0.0,0.0
2024-10-26,163465.0,53,2024,10,31740,5273,4450,36,1,5,0,7,5,11,7,0.0,1.0,0.0,0.0,0.0,0.0
2024-10-27,25274.0,53,2024,10,31740,5273,4450,36,1,5,0,7,5,11,7,0.0,0.0,1.0,0.0,0.0,0.0
2024-10-28,112737.0,53,2024,10,31740,5273,4450,36,1,5,0,7,5,11,7,1.0,0.0,0.0,0.0,0.0,0.0
2024-10-29,112595.0,53,2024,10,31740,5273,4450,36,1,5,0,7,5,11,7,0.0,0.0,0.0,0.0,1.0,0.0
2024-10-30,115834.0,53,2024,10,31740,5273,4450,36,1,5,0,7,5,11,7,0.0,0.0,0.0,0.0,0.0,1.0
2024-10-31,118345.0,53,2024,10,31740,5273,4450,36,1,5,0,7,5,11,7,0.0,0.0,0.0,1.0,0.0,0.0
2024-11-01,115536.0,53,2024,11,31740,5273,4450,36,1,5,0,7,5,11,7,0.0,0.0,0.0,0.0,0.0,0.0
2024-11-02,157433.0,53,2024,11,31740,5273,4450,36,1,5,0,7,5,11,7,0.0,1.0,0.0,0.0,0.0,0.0
2024-11-03,17464.0,53,2024,11,31740,5273,4450,36,1,5,0,7,5,11,7,0.0,0.0,1.0,0.0,0.0,0.0
2024-11-04,93709.0,53,2024,11,31740,5273,4450,36,1,5,0,7,5,11,7,1.0,0.0,0.0,0.0,0.0,0.0
2024-11-05,96690.0,53,2024,11,31740,5273,4450,36,1,5,0,7,5,11,7,0.0,0.0,0.0,0.0,1.0,0.0
2024-11-06,103237.0,53,2024,11,31740,5273,4450,36,1,5,0,7,5,11,7,0.0,0.0,0.0,0.0,0.0,1.0
2024-11-07,93127.0,53,2024,11,31740,5273,4450,36,1,5,0,7,5,11,7,0.0,0.0,0.0,1.0,0.0,0.0
2024-11-08,110686.0,53,2024,11,31740,5273,4450,36,1,5,0,7,5,11,7,0.0,0.0,0.0,0.0,0.0,0.0
2024-11-09,181062.0,53,2024,11,31740,5273,4450,36,1,5,0,7,5,11,7,0.0,1.0,0.0,0.0,0.0,0.0
2024-11-10,19909.0,53,2024,11,31740,5273,4450,36,1,5,0,7,5,11,7,0.0,0.0,1.0,0.0,0.0,0.0
2024-11-11,113737.0,53,2024,11,31740,5273,4450,36,1,5,0,7,5,11,7,1.0,0.0,0.0,0.0,0.0,0.0
2024-11-12,96466.0,53,2024,11,31740,5273,4450,36,1,5,0,7,5,11,7,0.0,0.0,0.0,0.0,1.0,0.0
2024-11-13,98626.0,53,2024,11,31740,5273,4450,36,1,5,0,7,5,11,7,0.0,0.0,0.0,0.0,0.0,1.0
2024-11-14,90420.0,53,2024,11,31740,5273,4450,36,1,5,0,7,5,11,7,0.0,0.0,0.0,1.0,0.0,0.0
2024-11-15,107773.0,53,2024,11,31740,5273,4450,36,1,5,0,7,5,11,7,0.0,0.0,0.0,0.0,0.0,0.0
2024-11-16,168698.0,53,2024,11,31740,5273,4450,36,1,5,0,7,5,11,7,0.0,1.0,0.0,0.0,0.0,0.0
2024-11-17,18610.0,53,2024,11,31740,5273,4450,36,1,5,0,7,5,11,7,0.0,0.0,1.0,0.0,0.0,0.0
2024-11-18,91765.0,53,2024,11,31740,5273,4450,36,1,5,0,7,5,11,7,1.0,0.0,0.0,0.0,0.0,0.0
2024-11-19,93339.0,53,2024,11,31740,5273,4450,36,1,5,0,7,5,11,7,0.0,0.0,0.0,0.0,1.0,0.0
2024-11-20,103065.0,53,2024,11,31740,5273,4450,36,1,5,0,7,5,11,7,0.0,0.0,0.0,0.0,0.0,1.0
2024-11-21,83551.0,53,2024,11,31740,5273,4450,36,1,5,0,7,5,11,7,0.0,0.0,0.0,1.0,0.0,0.0
2024-11-22,115752.0,53,2024,11,31740,5273,4450,36,1,5,0,7,5,11,7,0.0,0.0,0.0,0.0,0.0,0.0
2024-11-23,187399.0,53,2024,11,31740,5273,4450,36,1,5,0,7,5,11,7,0.0,1.0,0.0,0.0,0.0,0.0
2024-11-24,25959.0,53,2024,11,31740,5273,4450,36,1,5,0,7,5,11,7,0.0,0.0,1.0,0.0,0.0,0.0
2024-11-25,98329.0,53,2024,11,31740,5273,4450,36,1,5,0,7,5,11,7,1.0,0.0,0.0,0.0,0.0,0.0
2024-11-26,99383.0,53,2024,11,31740,5273,4450,36,1,5,0,7,5,11,7,0.0,0.0,0.0,0.0,1.0,0.0
2024-11-27,114591.0,53,2024,11,31740,5273,4450,36,1,5,0,7,5,11,7,0.0,0.0,0.0,0.0,0.0,1.0
2024-11-28,104946.0,53,2024,11,31740,5273,4450,36,1,5,0,7,5,11,7,0.0,0.0,0.0,1.0,0.0,0.0
2024-11-29,143599.0,53,2024,11,31740,5273,4450,36,1,5,0,7,5,11,7,0.0,0.0,0.0,0.0,0.0,0.0
2024-11-30,201384.0,53,2024,11,31740,5273,4450,36,1,5,0,7,5,11,7,0.0,1.0,0.0,0.0,0.0,0.0
2024-12-01,67118.0,53,2024,12,31740,5273,4450,36,1,5,0,7,5,11,7,0.0,0.0,1.0,0.0,0.0,0.0
2024-12-02,112839.0,53,2024,12,31740,5273,4450,36,1,5,0,7,5,11,7,1.0,0.0,0.0,0.0,0.0,0.0
2024-12-03,107524.0,53,2024,12,31740,5273,4450,36,1,5,0,7,5,11,7,0.0,0.0,0.0,0.0,1.0,0.0
2024-12-04,115714.0,53,2024,12,31740,5273,4450,36,1,5,0,7,5,11,7,0.0,0.0,0.0,0.0,0.0,1.0
2024-12-05,112018.0,53,2024,12,31740,5273,4450,36,1,5,0,7,5,11,7,0.0,0.0,0.0,1.0,0.0,0.0
2024-12-06,133691.0,53,2024,12,31740,5273,4450,36,1,5,0,7,5,11,7,0.0,0.0,0.0,0.0,0.0,0.0
2024-12-07,190216.0,53,2024,12,31740,5273,4450,36,1,5,0,7,5,11,7,0.0,1.0,0.0,0.0,0.0,0.0
2024-12-08,80496.0,53,2024,12,31740,5273,4450,36,1,5,0,7,5,11,7,0.0,0.0,1.0,0.0,0.0,0.0
2024-12-09,111739.0,53,2024,12,31740,5273,4450,36,1,5,0,7,5,11,7,1.0,0.0,0.0,0.0,0.0,0.0
2024-12-10,116354.0,53,2024,12,31740,5273,4450,36,1,5,0,7,5,11,7,0.0,0.0,0.0,0.0,1.0,0.0
2024-12-11,129715.0,53,2024,12,31740,5273,4450,36,1,5,0,7,5,11,7,0.0,0.0,0.0,0.0,0.0,1.0
2024-12-12,115992.0,53,2024,12,31740,5273,4450,36,1,5,0,7,5,11,7,0.0,0.0,0.0,1.0,0.0,0.0
2024-12-13,133618.0,53,2024,12,31740,5273,4450,36,1,5,0,7,5,11,7,0.0,0.0,0.0,0.0,0.0,0.0
2024-12-14,198650.0,53,2024,12,31740,5273,4450,36,1,5,0,7,5,11,7,0.0,1.0,0.0,0.0,0.0,0.0
2024-12-15,95824.0,53,2024,12,31740,5273,4450,36,1,5,0,7,5,11,7,0.0,0.0,1.0,0.0,0.0,0.0
2024-12-16,122232.0,53,2024,12,31740,5273,4450,36,1,5,0,7,5,11,7,1.0,0.0,0.0,0.0,0.0,0.0
2024-12-17,125137.0,53,2024,12,31740,5273,4450,36,1,5,0,7,5,11,7,0.0,0.0,0.0,0.0,1.0,0.0
2024-12-18,137979.0,53,2024,12,31740,5273,4450,36,1,5,0,7,5,11,7,0.0,0.0,0.0,0.0,0.0,1.0
2024-12-19,134351.0,53,2024,12,31740,5273,4450,36,1,5,0,7,5,11,7,0.0,0.0,0.0,1.0,0.0,0.0
2024-12-20,157130.0,53,2024,12,31740,5273,4450,36,1,5,0,7,5,11,7,0.0,0.0,0.0,0.0,0.0,0.0
2024-12-21,217782.0,53,2024,12,31740,5273,4450,36,1,5,0,7,5,11,7,0.0,1.0,0.0,0.0,0.0,0.0
2024-12-22,146667.0,53,2024,12,31740,5273,4450,36,1,5,0,7,5,11,7,0.0,0.0,1.0,0.0,0.0,0.0
2024-12-23,229804.0,53,2024,12,31740,5273,4450,36,1,5,0,7,5,11,7,1.0,0.0,0.0,0.0,0.0,0.0
2024-12-24,163865.0,53,2024,12,31740,5273,4450,36,1,5,0,7,5,11,7,0.0,0.0,0.0,0.0,1.0,0.0
2024-12-25,122.0,53,2024,12,31740,5273,4450,36,1,5,0,7,5,11,7,0.0,0.0,0.0,0.0,0.0,1.0
2024-12-26,149617.0,53,2024,12,31740,5273,4450,36,1,5,0,7,5,11,7,0.0,0.0,0.0,1.0,0.0,0.0
2024-12-27,148168.0,53,2024,12,31740,5273,4450,36,1,5,0,7,5,11,7,0.0,0.0,0.0,0.0,0.0,0.0
2024-12-28,161585.0,53,2024,12,31740,5273,4450,36,1,5,0,7,5,11,7,0.0,1.0,0.0,0.0,0.0,0.0
2024-12-29,58966.0,53,2024,12,31740,5273,4450,36,1,5,0,7,5,11,7,0.0,0.0,1.0,0.0,0.0,0.0
2024-12-30,183621.0,53,2024,12,31740,5273,4450,36,1,5,0,7,5,11,7,1.0,0.0,0.0,0.0,0.0,0.0
2024-12-31,148096.0,53,2024,12,31740,5273,4450,36,1,5,0,7,5,11,7,0.0,0.0,0.0,0.0,1.0,0.0
